,gene1,gene2,hap1.negative.gi,rpe1.negative.gi,hap1_early_effect_size,hap1_late_effect_size,rpe1_early_effect_size,rpe1_late_effect_size,hap1_gi_type,rpe1_gi_type
1,SEC23A,SEC23B,Negative,Negative,-3.028952801,-3.424526185,-2.306237784,-2.103824599,shared,shared
2,SAR1A,SAR1B,Negative,Negative,-2.89082732,-3.28814235,-1.680115255,-1.392617151,shared,unique_early
3,COQ10B,COQ10A,Negative,none,-2.86904347,-3.114457002,-0.990499313,-0.992758954,shared,none
4,AP2A2,AP2A1,Negative,none,-2.859159517,-2.949726399,-0.530460619,-0.122095405,shared,none
5,CUL4A,CUL4B,Negative,Negative,-2.842330466,-3.439328356,-1.82696589,-1.543943216,shared,shared
6,PITPNA,PITPNB,Negative,none,-2.834381736,-3.090842867,-1.169633401,-1.323852587,shared,none
7,LDHA,LDHB,Negative,none,-2.793009228,-2.581593587,-0.919464596,-0.949989035,shared,none
8,RAB1A,RAB1B,Negative,Negative,-2.664946715,-3.141019148,-1.849316444,-1.596547798,shared,shared
9,TIAL1,TIA1,Negative,none,-2.562091121,-2.770679861,0.793514262,0.946264079,shared,none
10,SPATA2,SPATA2L,Negative,Negative,-2.234040512,-1.885459952,-1.671958001,-1.470887298,shared,unique_early
11,CNOT7,CNOT8,Negative,none,-2.124989426,-1.898156939,-1.158205832,-1.108226024,unique_early,none
12,TTC7B,TTC7A,Negative,none,-2.12321478,-2.024869561,-1.18283016,-0.923925474,shared,none
13,TNKS2,TNKS,Negative,none,-2.089380216,-2.568252222,-1.029117244,-0.674570446,shared,none
14,TAF4,TAF4B,Negative,none,-2.065081635,-2.526780441,0.224465653,0.270629,shared,none
15,AP2B1,AP1B1,Negative,none,-2.056422212,-2.141719321,-0.269703828,0.172472609,shared,none
16,SLC25A37,SLC25A28,Negative,none,-2.053132403,-2.324523767,-0.249457174,-0.432067778,shared,none
17,PDS5A,PDS5B,Negative,none,-1.942062449,-1.690861096,-1.007379743,-1.16117744,unique_early,none
18,CCNL2,CCNL1,none,none,-1.903441409,-1.537357998,-1.442821776,-1.619111275,none,none
19,SLC16A1,SLC16A3,Negative,none,-1.881029013,-2.241832866,-0.20433612,0.266199228,shared,none
20,DOK1,DOK3,Negative,none,-1.870104169,-1.75969785,0.537528607,0.83578641,shared,none
21,GPR137,GPR137C,Negative,none,-1.869424742,-2.039677859,-0.511138422,-0.440341839,shared,none
22,CCNB1,CCNB2,Negative,none,-1.812177425,-1.713703785,-0.986536719,-0.840457506,shared,none
23,UAP1,UAP1L1,Negative,none,-1.750178714,-2.070289144,-0.14412277,0.090487521,shared,none
24,HNRNPH3,HNRNPF,Negative,Negative,-1.742129141,-1.494695674,-1.19940289,-0.857283681,shared,unique_early
25,TLK2,TLK1,Negative,none,-1.732687396,-1.508485909,0.04812319,0.031394424,shared,none
26,DBI,ACBD7,Negative,Negative,-1.683693401,-1.528315853,-1.573250672,-1.489568264,unique_early,unique_early
27,PTBP1,PTBP2,Negative,none,-1.674610429,-2.206082744,-0.388638409,-0.051952606,shared,none
28,ROCK2,ROCK1,Negative,Negative,-1.666760385,-1.630268445,-2.331658366,-2.877100068,shared,shared
29,STOX2,STOX1,Negative,none,-1.654876794,-1.439998308,-1.034745481,-0.71233092,shared,none
30,PTGS2,PTGS1,Negative,none,-1.6470517,-1.670061249,-0.236210403,-0.055687471,shared,none
31,STAM,STAM2,Negative,Negative,-1.621655385,-1.919913922,-1.391946922,-1.374199629,shared,shared
32,NDFIP2,NDFIP1,Negative,none,-1.577416659,-1.202204672,-0.032878498,0.312475261,unique_early,none
33,ARPC5,ARPC5L,Negative,none,-1.572267373,-1.833555276,-0.50661489,-0.112019647,unique_late,none
34,DERL2,DERL3,Negative,none,-1.563785693,-1.384228621,-1.15574824,-0.968907514,unique_early,none
35,CHD3,CHD5,Negative,Negative,-1.553972903,-1.895284441,-1.132927787,-0.68285348,shared,unique_early
36,TP53INP2,TP53INP1,none,none,-1.547723445,-0.783498497,0.580501296,-0.157475848,none,none
37,TNPO1,TNPO2,Negative,Negative,-1.537169892,-1.648249731,-1.111485375,-0.983093624,shared,unique_early
38,PAPSS1,PAPSS2,Negative,none,-1.530180948,-2.003695508,-0.73962727,-0.579796566,unique_late,none
39,ATXN1L,ATXN1,Negative,none,-1.525640101,-1.53919818,-0.23104074,0.446126587,shared,none
40,PPP2R5C,PPP2R5D,Negative,none,-1.505659177,-1.416276255,-0.3571365,0.070070436,shared,none
41,CCNT1,CCNT2,Negative,none,-1.497064033,-1.369872165,-0.195755505,0.090565282,unique_early,none
42,CTPS1,CTPS2,Negative,none,-1.476636913,-1.135247403,0.079968184,0.436836864,unique_early,none
43,RHOT2,RHOT1,none,none,-1.472632841,-1.829793591,-0.863901801,-0.593568123,none,none
44,SS18,SS18L1,Negative,none,-1.468523083,-1.79089778,-1.229384922,-1.342630494,unique_early,none
45,CDK2AP1,CDK2AP2,Negative,none,-1.449600526,-1.709502304,-1.382058631,-1.50814168,shared,none
46,SLC25A13,SLC25A12,Negative,none,-1.444349169,-1.974239792,-0.036474152,0.209663468,shared,none
47,RC3H2,RC3H1,Negative,none,-1.444179244,-1.419217851,-0.505779337,-0.574762679,shared,none
48,FBXW11,BTRC,Negative,Negative,-1.443539056,-1.544745691,-1.322023627,-1.391527029,shared,shared
49,SFXN4,SFXN5,Negative,none,-1.442975763,-1.414965726,-1.017174282,-0.741434036,shared,none
50,SSH1,SSH2,none,none,-1.426829931,-1.584732339,-0.600344119,-0.480659024,none,none
51,CHCHD3,CHCHD6,none,none,-1.424082204,-1.340194409,-1.317887408,-1.241902505,none,none
52,IMPDH2,IMPDH1,Negative,none,-1.422986082,-1.420223571,-0.06676145,-0.220696288,unique_late,none
53,MYC,MYCN,none,none,-1.418758609,-1.413082649,0.201854762,0.726952592,none,none
54,SPIRE1,SPIRE2,Negative,none,-1.410525553,-1.394043168,-0.538602331,-0.330256485,unique_early,none
55,MAP2K2,MAP2K1,Negative,none,-1.402490083,-1.817322127,-1.260778328,-1.093572279,shared,none
56,CSNK1D,CSNK1E,Negative,none,-1.39583576,-1.579976812,-1.351239685,-1.420249958,unique_early,none
57,ACTR1A,ACTR1B,none,none,-1.394547691,-0.978675419,-0.291129477,0.103223441,none,none
58,RHOBTB2,RHOBTB1,Negative,none,-1.384380198,-1.258708458,-0.567506223,-0.514458252,unique_early,none
59,LMO7,LIMCH1,Negative,none,-1.374836667,-0.942771821,-1.252027841,-1.142454446,shared,none
60,SP3,SP1,Negative,none,-1.371683607,-1.866539734,-0.061908735,0.223605397,shared,none
61,CAB39,CAB39L,Negative,none,-1.362150138,-1.364826461,-0.490102186,0.038891916,shared,none
62,APBA3,APBA2,Negative,none,-1.360599347,-1.058896275,-0.320988157,-0.283834837,unique_early,none
63,DNAJA1,DNAJA4,Negative,Negative,-1.337875532,-1.341725435,-0.840195293,-0.888029598,shared,shared
64,DDHD2,SEC23IP,Negative,none,-1.329865153,-1.375953455,0.905055301,1.589664664,shared,none
65,MECOM,PRDM16,Negative,none,-1.328243876,-1.400578879,-1.200644575,-1.159729178,shared,none
66,HOXB2,HOXA2,Negative,none,-1.308831746,-1.671071828,0.048788742,0.468430024,shared,none
67,STRADB,STRADA,Negative,none,-1.302097956,-1.862579066,0.48133765,0.45248894,shared,none
68,KCTD5,KCTD2,Negative,none,-1.293535831,-1.025195677,-1.049531262,-0.902556462,unique_early,none
69,SPARC,SPARCL1,Negative,Negative,-1.293309651,-0.93758772,-1.041706971,-1.139846076,shared,shared
70,GNPDA1,GNPDA2,Negative,Negative,-1.289614087,-1.289925347,-1.28490637,-1.004720624,shared,unique_early
71,PEX5,PEX5L,Negative,none,-1.273004173,-1.083559161,-0.305593888,0.161690778,shared,none
72,MSX1,MSX2,none,none,-1.265346086,-1.490108145,-0.018081197,0.001430348,none,none
73,IFRD2,IFRD1,Negative,Negative,-1.264188793,-1.597173195,-0.926142269,-1.001316716,shared,unique_early
74,TPM2,TPM1,Negative,none,-1.263942651,-1.352073467,0.018238844,0.109972478,shared,none
75,RBM26,RBM27,Negative,Negative,-1.252895126,-1.142243786,-1.320006625,-1.697837505,shared,shared
76,KIF1C,KIF1B,Negative,Negative,-1.251123837,-1.167208483,-1.136402294,-0.974979561,shared,unique_early
77,KMT2A,KMT2B,Negative,Negative,-1.238013966,-1.137291632,-0.781653058,-0.982100461,unique_early,unique_late
78,MIEF1,MIEF2,Negative,Negative,-1.233272164,-1.105578518,-0.84902368,-0.736031059,shared,unique_early
79,NEDD4L,NEDD4,Negative,none,-1.229237102,-0.916748615,1.363546051,1.519196047,unique_early,none
80,CSNK2A1,CSNK2A2,none,none,-1.22251717,-1.27371606,-1.15164792,-1.080592948,none,none
81,SPECC1,SPECC1L,Negative,none,-1.218983824,-1.053342377,-0.799763388,-0.556658629,unique_early,none
82,PSEN1,PSEN2,Negative,Negative,-1.214835721,-1.105022799,-1.445940271,-1.393016029,unique_late,shared
83,SEC31A,SEC31B,Negative,none,-1.214788416,-1.166797131,-0.943451805,-0.86083352,shared,none
84,PARP6,PARP8,Negative,Negative,-1.206692238,-1.315392402,-1.206430548,-1.156077239,shared,shared
85,PPIG,NKTR,Negative,none,-1.203839571,-1.243672056,-0.819752921,-0.887508924,unique_early,none
86,KLF13,KLF9,Negative,Negative,-1.199237163,-1.498779718,-1.19973143,-1.177327251,shared,shared
87,ARL8B,ARL8A,none,none,-1.186613034,-1.17351778,0.090918881,0.150125272,none,none
88,FAM102A,FAM102B,Negative,Negative,-1.177009782,-1.481676673,-1.440010757,-1.340634939,shared,shared
89,FBN1,FBN2,Negative,none,-1.164566244,-1.180599605,0.455399821,0.58233164,shared,none
90,YIF1B,YIF1A,Negative,none,-1.158667838,-1.184842821,-0.056593482,-0.037139013,unique_early,none
91,MED13,MED13L,Negative,none,-1.144369029,-1.475284019,-0.508876071,-0.615650569,shared,none
92,DVL1,DVL3,Negative,none,-1.143972496,-1.192878956,-0.438327579,-0.43329499,unique_early,none
93,CALB2,CALB1,Negative,none,-1.140174288,-1.143454389,-0.945798088,-0.577236071,shared,none
94,CASKIN2,CASKIN1,none,none,-1.139723727,-1.169167694,-0.286949774,-0.045352922,none,none
95,PDP1,PDP2,Negative,none,-1.135953276,-1.53345995,-0.631984375,-0.482213343,shared,none
96,RBM12,RBM12B,none,none,-1.130691972,-1.072489826,-0.443269148,0.049412361,none,none
97,PPIB,PPIC,Negative,none,-1.122782495,-1.27495031,-0.760799907,-0.530367576,shared,none
98,TRAK1,TRAK2,none,none,-1.116414975,-0.812934617,-0.227805629,0.430487442,none,none
99,SETD1A,SETD1B,none,Negative,-1.114741992,-0.976488711,-1.537814262,-1.86559893,none,shared
100,RNFT1,RNFT2,Negative,none,-1.113980311,-1.030717319,-0.466272871,-0.27047106,shared,none
101,VSNL1,HPCAL4,Negative,none,-1.109292592,-1.293610044,-1.19464924,-0.828375095,unique_late,none
102,TBC1D10B,TBC1D10A,Negative,none,-1.105010675,-1.396555246,-1.390550931,-1.19119324,shared,none
103,STX10,STX6,none,none,-1.09658456,-1.396108091,0.035943036,0.036333417,none,none
104,ENO1,ENO2,Negative,Negative,-1.096413124,-1.551117407,-0.953643968,-1.009756792,shared,shared
105,ZNF609,ZNF608,Negative,none,-1.095850869,-0.51601736,-0.959390507,-0.719222808,unique_early,none
106,TSPAN4,TSPAN9,none,none,-1.08864848,-1.071986106,-0.873529476,-1.577748963,none,none
107,STK38L,STK38,none,Positive,-1.088226806,-0.45513097,1.648507522,2.221061086,none,shared
108,POC1A,POC1B,none,none,-1.083770816,-0.197635575,1.015610867,1.316681395,none,none
109,AGPAT3,AGPAT4,Negative,none,-1.077118338,-1.543211066,0.460223449,0.996252427,unique_late,none
110,SLC25A36,SLC25A33,Negative,none,-1.064566098,-1.360825493,-0.154677971,0.074389588,shared,none
111,SERINC3,SERINC2,Negative,Negative,-1.059969217,-1.210231524,-1.526380103,-1.23844784,shared,shared
112,KLHL2,KLHL3,Negative,none,-1.058375721,-0.404504119,-0.852867154,-0.73184151,unique_early,none
113,ANK3,ANK2,Negative,none,-1.056683783,-1.226250777,-0.892231883,-0.561248932,shared,none
114,TTC39A,TTC39B,Negative,none,-1.052388907,-1.230452615,-0.687444862,-0.542311003,shared,none
115,RALGPS2,RALGPS1,Negative,none,-1.051281754,-0.830563569,-0.344793641,0.339716938,unique_early,none
116,TOP1,TOP1MT,none,none,-1.049384397,-1.183636904,-1.864732258,-1.577078704,none,none
117,NDE1,NDEL1,Negative,none,-1.045292688,-1.114820385,-0.553115838,-0.506668119,unique_late,none
118,PPFIA1,PPFIA3,Negative,none,-1.039368148,-1.184642109,-0.640243369,-0.50172226,unique_late,none
119,PI4K2B,PI4K2A,Negative,none,-1.034458361,-0.522151779,0.135561743,0.242170088,unique_early,none
120,H2AFY,H2AFY2,none,none,-1.033594669,-0.986932687,-0.912797857,-0.609212819,none,none
121,SCAF4,SCAF8,Negative,Negative,-1.031637791,-1.382581466,-0.911369656,-0.626432733,shared,unique_early
122,CREBBP,EP300,Negative,none,-1.02715029,-0.772344002,-0.315437462,-0.205925349,unique_early,none
123,ENSA,ARPP19,none,none,-1.024949528,0.014719508,-1.089240769,-0.851612704,none,none
124,MAN2A2,MAN2A1,Negative,none,-1.022097209,-0.648704513,0.817149641,0.943677585,unique_early,none
125,CC2D1B,CC2D1A,none,none,-1.018090347,-1.203492093,-0.285882901,0.077038204,none,none
126,ENTPD6,ENTPD5,Negative,none,-1.017973566,-0.975642003,-0.137880533,0.33777246,shared,none
127,SEC11A,SEC11C,none,none,-1.017578413,-0.34614403,-0.127707958,-0.040613701,none,none
128,PLOD1,PLOD2,Negative,Negative,-1.017455256,-1.364270136,-1.199023918,-0.73437836,shared,unique_early
129,NUCB1,NUCB2,Negative,Negative,-1.014143172,-1.452975271,-1.219890804,-1.082358564,shared,shared
130,SEC24C,SEC24D,none,none,-1.011721841,-0.74974135,-1.191021258,-1.085000433,none,none
131,STAU1,STAU2,Negative,Negative,-1.011575441,-1.125036241,-1.310127254,-1.054783823,shared,shared
132,SOCS4,SOCS5,none,none,-1.011504238,-1.020479552,0.111019243,0.233475268,none,none
133,EHBP1,EHBP1L1,Negative,none,-1.009605544,-0.90841516,1.186122798,0.811225,unique_early,none
134,ZNF503,ZNF703,Negative,none,-1.00711755,-1.126790366,0.559470105,0.852099697,unique_late,none
135,AK1,AK5,Negative,none,-1.006900633,-1.053967802,-0.627939026,-0.67881574,unique_early,none
136,MLXIP,MLXIPL,Negative,none,-1.006600203,-0.359925217,-0.723571026,-0.38097255,unique_early,none
137,SUN1,SUN2,Negative,none,-1.004755867,-1.316648209,-0.039631298,0.232045647,shared,none
138,RRAS2,RRAS,none,none,-1.000109785,-0.343447109,0.620336281,0.979931294,none,none
139,MEIS2,MEIS1,Negative,Negative,-0.999542116,-1.173232109,-1.135964484,-0.886504184,unique_early,unique_early
140,CHD1,CHD2,Negative,Negative,-0.998148059,-1.195859966,-1.060163431,-1.123947389,shared,shared
141,KIAA1217,SRCIN1,none,none,-0.994052124,-1.041306571,0.467201309,0.458054902,none,none
142,TMC6,TMC5,none,none,-0.990521561,-0.815221316,-0.727476451,-0.374227209,none,none
143,RAB39A,RAB39B,Negative,none,-0.987309512,-1.551836918,-0.734488888,-0.454550612,shared,none
144,EIF4EBP1,EIF4EBP2,none,none,-0.987001536,-0.459128997,0.604695253,0.64035225,none,none
145,ADAP2,ADAP1,none,none,-0.986053275,-0.389108108,-0.733023132,-0.581305249,none,none
146,PLPPR3,PLPPR4,Negative,Negative,-0.98302822,-0.844803229,-1.140352397,-0.900557212,unique_early,unique_early
147,TBX3,TBX2,Negative,Negative,-0.980368139,-1.171999711,-1.109827317,-1.230769922,shared,shared
148,ANO4,ANO5,Negative,none,-0.977442845,-0.962506258,-0.892874408,-0.835474155,shared,none
149,UNK,UNKL,Negative,none,-0.975644361,-0.784904653,-0.342481343,-0.220864221,unique_early,none
150,CD151,TSPAN11,none,none,-0.96996342,-1.358230696,-0.712349214,-0.317385031,none,none
151,TSPAN6,TSPAN7,none,Negative,-0.968781778,-1.041084359,-0.926946985,-0.540709176,none,unique_early
152,FOXN3,FOXN2,Negative,none,-0.964620821,-1.143417733,0.165544846,-0.310107485,shared,none
153,KDM6B,BRD4,Negative,none,-0.96194581,-1.181870039,-0.51543079,-0.086747157,shared,none
154,ARF4,ARF5,none,none,-0.958451704,-1.435543241,-1.501727775,-0.929029083,none,none
155,FAM126A,FAM126B,Negative,none,-0.957654507,-1.049236132,-0.337835698,-0.318322849,unique_late,none
156,PHLDB1,PHLDB3,none,none,-0.954539759,-1.038394221,-0.468359225,-0.042775405,none,none
157,RAB4A,RAB4B,none,Negative,-0.953996553,-0.905636303,-1.587695986,-0.885845247,none,unique_early
158,ADAMTS6,ADAMTS10,Negative,Negative,-0.950893549,-0.429381073,-0.916736854,-0.960758795,unique_early,shared
159,PAFAH1B2,PAFAH1B3,Negative,Negative,-0.950824298,-1.111007032,-1.44075577,-1.22158171,unique_late,unique_early
160,PRRX1,PRRX2,none,none,-0.950625377,-0.301098773,-1.13405199,-0.791231234,none,none
161,CBX1,CBX5,none,none,-0.946266959,-1.262148587,-0.285901252,0.170015961,none,none
162,KLHL9,KLHL26,Negative,none,-0.945418208,-0.844039388,-0.274848935,0.004969704,shared,none
163,YIPF2,YIPF1,Negative,none,-0.941414342,-1.515644563,-0.522601339,-0.68329518,unique_late,none
164,PPP1R14B,PPP1R14A,none,none,-0.931973404,-1.048592862,-1.88497063,-1.844304178,none,none
165,MPRIP,TRIOBP,Negative,none,-0.931297533,-1.260199823,-0.322394074,-0.137040064,shared,none
166,ARID1A,ARID1B,Negative,none,-0.926878583,-0.89845532,-0.479498819,-0.315308904,unique_early,none
167,SEC24B,SEC24A,Negative,none,-0.922814116,-1.524812859,-0.409518097,-0.265634982,unique_late,none
168,SLC9A5,SLC9A3,Negative,none,-0.921268355,-1.050380192,-0.246623683,-0.102305925,shared,none
169,FGF2,FGF1,Negative,none,-0.920884634,-1.243938242,-0.409177266,0.115081066,unique_late,none
170,MOB1A,MOB1B,Negative,none,-0.917361024,-1.530246424,1.300973198,1.45582291,shared,none
171,CCNA2,CCNA1,none,none,-0.915341309,-0.741798726,-0.817172646,-0.495997714,none,none
172,VAPA,VAPB,Negative,none,-0.912878606,-0.576488052,-0.127869442,-0.255102733,unique_early,none
173,MAP3K3,MAP3K2,Negative,none,-0.908570837,-0.491537557,-0.548835776,-0.106756508,unique_early,none
174,KDM2A,KDM2B,none,none,-0.904040006,-0.342326852,-0.757383651,-0.336557032,none,none
175,ABL1,ABL2,none,Negative,-0.902811538,-1.190514889,-1.192545152,-1.008786089,none,unique_early
176,AMOTL2,AMOT,Negative,none,-0.899973264,-1.494986415,-0.39675125,-0.312096386,unique_late,none
177,UBE2Q1,UBE2Q2,none,Negative,-0.897854654,-1.172871897,-1.295358832,-1.192111411,none,unique_early
178,PRPSAP1,PRPSAP2,Negative,none,-0.897048634,-0.644272796,0.091592168,-0.230762621,unique_early,none
179,PIP4K2B,PIP4K2A,Negative,none,-0.89621734,-1.43126295,-0.163853072,0.284697465,shared,none
180,FLNB,FLNC,none,none,-0.895548503,-1.146608782,-0.437035739,-0.320440047,none,none
181,SLC24A1,SLC24A2,Negative,none,-0.887112486,-1.187003698,-0.678189881,-0.604966395,unique_late,none
182,ELMOD2,ELMOD1,Negative,none,-0.88289542,-1.421238957,-0.068068459,0.299449282,shared,none
183,CNKSR3,CNKSR1,Negative,none,-0.881357511,-0.863118407,-0.588709349,-0.342929162,unique_early,none
184,ZMIZ2,ZMIZ1,Negative,none,-0.881045796,-0.885348621,-0.06105637,0.372729384,shared,none
185,OSR2,OSR1,Negative,none,-0.875969661,-0.850124719,-0.559888758,-0.444377707,shared,none
186,APLP2,APLP1,Negative,none,-0.87354051,-1.060171058,0.586464393,0.920901368,unique_late,none
187,CLCN3,CLCN4,Negative,none,-0.871575908,-0.921376716,-0.530669714,-0.29398604,shared,none
188,GPC1,GPC6,none,none,-0.867131661,-0.518795621,0.585270035,0.710697934,none,none
189,ENOX2,ENOX1,Negative,Negative,-0.861955568,-0.799287435,-1.010692249,-1.018193008,shared,shared
190,MBNL2,MBNL3,Negative,none,-0.860780547,-0.539699609,-0.589465839,-0.489304842,shared,none
191,ZNRF3,RNF43,Negative,none,-0.857645958,-1.006903732,-0.662317952,-0.586337368,unique_early,none
192,LSM14A,LSM14B,Negative,Negative,-0.854593635,-1.094847877,-1.254639135,-0.96483847,unique_late,unique_early
193,KSR1,KSR2,Negative,none,-0.850183931,-0.332996715,-0.700430155,-0.641996907,unique_early,none
194,USP31,USP43,none,Negative,-0.849668455,-0.933428163,-0.991463364,-0.492855489,none,unique_early
195,TRIP6,LPP,Negative,none,-0.84868627,-1.385850392,-0.291342291,-0.084403627,unique_late,none
196,KIF5B,KIF5C,Negative,none,-0.844356961,-0.600400405,-0.246873728,0.144762377,unique_early,none
197,WDR62,MAPKBP1,Negative,none,-0.841933012,-0.5080164,0.12795072,0.204352643,unique_early,none
198,EXOC6,EXOC6B,Negative,Negative,-0.841859057,-0.983816344,-1.122091907,-0.929114728,shared,unique_early
199,GNL3,GNL3L,none,none,-0.841061139,-0.92346025,-0.047078115,-0.351522977,none,none
200,ARHGEF7,ARHGEF6,Negative,none,-0.841008757,-1.065030114,-0.423868144,-0.192081054,shared,none
201,PIEZO1,PIEZO2,none,none,-0.838627531,-0.669724262,-0.017264905,0.447338641,none,none
202,MYBL1,MYB,none,none,-0.836160466,-0.594586249,-1.208971148,-0.893781893,none,none
203,HOXB7,HOXA7,Negative,none,-0.834520716,-0.796766778,-0.717583451,-0.58252561,unique_early,none
204,SPSB1,SPSB4,none,none,-0.830298221,-0.912420935,-0.502740252,-0.611745359,none,none
205,TOB1,TOB2,none,none,-0.826851909,-0.898608607,-0.351507417,-0.10829016,none,none
206,WASF2,WASF1,Negative,none,-0.822529858,-0.70915477,-1.133062111,-0.775111355,unique_early,none
207,ELAVL1,ELAVL2,none,none,-0.820866907,-1.007762369,-0.21752995,0.140371533,none,none
208,RNF167,RNF13,Negative,none,-0.820862653,-1.028138688,0.215027924,0.239072838,shared,none
209,FBXO25,FBXO32,none,none,-0.817180617,-1.114198645,-0.720929682,-0.790572215,none,none
210,PKN2,PKN3,none,none,-0.816869248,-0.352685408,0.000101098,0.497889749,none,none
211,MACROD1,MACROD2,Negative,none,-0.81414209,-1.320932252,-0.734649076,-0.27783565,unique_late,none
212,SFXN1,SFXN3,Negative,Negative,-0.812702435,-0.832765438,-0.945098763,-0.397373258,unique_early,unique_early
213,CDKL3,CDKL2,none,none,-0.811821826,-0.872448999,-0.721695431,-0.680525753,none,none
214,PARVB,PARVA,none,none,-0.811217296,-0.918285345,-0.344171314,0.192395859,none,none
215,ALMS1,C10orf90,Negative,none,-0.803141098,-0.803031347,-0.228123136,-0.696573918,unique_early,none
216,CHIC2,CHIC1,Negative,none,-0.802717732,-0.862196518,-0.077031495,0.246129606,shared,none
217,PRKCD,PRKCQ,Negative,none,-0.800494761,-0.552289565,0.642111628,0.829296034,unique_early,none
218,SEC61A1,SEC61A2,Negative,none,-0.800087963,-0.692968865,-0.514622437,-0.206794653,unique_early,none
219,CSAD,GADL1,Negative,Negative,-0.794241194,-0.776390254,-0.79474074,-0.868253852,shared,unique_late
220,NAV1,NAV3,none,none,-0.792686577,-0.515666002,-0.362548537,-0.155374167,none,none
221,SOX6,SOX5,Negative,none,-0.789717955,-0.289093476,-0.303476913,-0.132324129,unique_early,none
222,ISL2,ISL1,none,none,-0.784367897,-0.980307909,0.037572509,0.372573259,none,none
223,SESN1,SESN2,none,none,-0.783856383,-0.955976799,-0.087414073,0.115260534,none,none
224,LHX2,LHX9,none,none,-0.783181341,-0.236185221,0.00639728,0.181071767,none,none
225,PTBP2,PTBP3,Negative,Negative,-0.782564599,-0.76958006,-0.840763099,-0.758246312,shared,unique_early
226,RAB33B,RAB33A,Negative,none,-0.780120852,-0.701337971,0.364156446,0.2867629,shared,none
227,FAM160A2,FAM160A1,none,Negative,-0.779960109,-0.829906495,-1.215732189,-1.15665823,none,unique_early
228,PARP1,PARP2,Negative,none,-0.77798667,-1.158254969,-0.385888528,-0.601590084,unique_late,none
229,BCOR,BCORL1,Negative,Negative,-0.777578884,-0.68405297,-1.025193394,-0.958041926,unique_early,unique_early
230,PAPD7,PAPD5,none,none,-0.775309945,-0.724217,0.001885466,0.396479963,none,none
231,SAMD1,SAMD13,Negative,Negative,-0.77395286,-0.823657541,-1.277560421,-1.069768719,unique_early,shared
232,NUMB,NUMBL,none,none,-0.772444487,-0.485865477,0.140689277,0.137295279,none,none
233,ATXN7,ATXN7L2,none,none,-0.767947687,-0.836264352,-0.246185564,0.200799745,none,none
234,PDE8A,PDE8B,Negative,none,-0.766632796,-1.005597509,-0.566055291,-0.319231045,unique_late,none
235,SNX3,SNX12,Negative,none,-0.766289448,-1.062729091,-0.251654112,0.03445929,unique_late,none
236,MKNK2,MKNK1,Negative,none,-0.766264942,-0.979757343,-0.424824967,-0.28016135,shared,none
237,CLIP1,CLIP2,none,Negative,-0.761750087,-0.733248369,-0.916877742,-1.06882223,none,shared
238,TOMM40,TOMM40L,none,none,-0.760300661,-0.398494647,-0.767832895,-0.608754667,none,none
239,ACVR2A,ACVR2B,none,Negative,-0.759977066,-0.882452854,-1.523571425,-1.278919649,none,unique_early
240,DAAM1,DAAM2,Negative,none,-0.757812575,-1.081985013,-0.149404574,0.037592202,unique_late,none
241,TLN1,TLN2,none,none,-0.757069178,-0.969320148,-0.125651197,0.338565758,none,none
242,MDM4,TP53,none,none,-0.756562745,-0.429338813,0.696912073,0.856532107,none,none
243,SAMD4B,SAMD4A,none,Negative,-0.755990147,-0.72235399,-1.433592747,-0.8926055,none,unique_early
244,ATP6V0A2,TCIRG1,none,none,-0.749670872,-0.522583115,0.630387973,0.705012263,none,none
245,TSPAN31,TSPAN13,none,none,-0.749093242,-1.1636086,-0.063433592,0.746985572,none,none
246,WSB1,WSB2,Negative,Negative,-0.749092538,-0.681250093,-0.885861974,-0.881312734,unique_early,unique_late
247,ACSL1,ACSL6,Negative,none,-0.745486732,-0.69889904,-0.286526452,-0.079387447,shared,none
248,DYRK2,DYRK3,none,Negative,-0.744545434,-0.709382006,-1.635681696,-1.490184948,none,shared
249,SCRIB,LRRC1,none,none,-0.744022688,-0.442064576,-0.699271854,-0.409173199,none,none
250,FARP1,FARP2,Negative,none,-0.743096421,-0.723082316,-0.603780557,-0.541421762,unique_early,none
251,ICA1L,ICA1,Negative,none,-0.742917715,-0.482627177,0.569816082,0.761194784,unique_early,none
252,SYCP2L,SYCP2,Negative,Negative,-0.740547047,-1.006078965,-0.891720287,-0.714376073,shared,unique_early
253,QSOX1,QSOX2,none,none,-0.73940161,-0.386449799,-1.010066489,-0.950059154,none,none
254,TOX2,TOX,none,none,-0.738914962,-0.820877032,-0.961574588,-0.763106432,none,none
255,MIER1,MIER3,Negative,none,-0.734363552,-0.921443027,-0.772335578,-0.363370604,shared,none
256,DLG1,DLG4,Negative,none,-0.733379668,-0.702263022,-0.065644408,0.071977834,unique_early,none
257,FAM49B,FAM49A,Negative,none,-0.731691276,-0.506194825,-0.023376131,0.179599461,unique_early,none
258,OTUB1,OTUB2,Negative,none,-0.729417471,-1.420600051,0.24301756,0.196024116,unique_late,none
259,TRIM35,TRIM72,none,Negative,-0.728669289,-0.999070898,-0.908069844,-0.978819054,none,unique_early
260,CYB5B,CYB5A,none,none,-0.726513391,-0.513458427,-0.543152386,-0.207321582,none,none
261,HSP90AB1,HSP90AA1,none,none,-0.723943406,-0.7367693,0.270161388,0.483041381,none,none
262,SLC41A3,SLC41A2,Negative,none,-0.723751168,-1.072207541,0.099308177,0.229155963,unique_early,none
263,FHOD1,FHOD3,Negative,none,-0.723134853,-0.56949705,-0.277404811,-0.409444643,shared,none
264,RGMB,RGMA,Negative,none,-0.721519054,-1.000520165,0.043590857,0.231850071,shared,none
265,MVB12B,MVB12A,none,Negative,-0.712940877,-0.639907978,-1.558314448,-1.496385777,none,unique_early
266,ARFGEF2,ARFGEF1,none,Negative,-0.698449525,-1.295676754,-1.439959442,-1.149855037,none,unique_early
267,ESRP2,ESRP1,none,none,-0.697705748,-0.854129606,-0.508211203,-0.24972428,none,none
268,ADSS,ADSSL1,none,Negative,-0.694248781,-0.352961015,-0.871770193,-0.620368766,none,unique_early
269,BTBD2,BTBD1,Negative,none,-0.694124825,-1.236960596,-0.683226588,-0.380168833,unique_late,none
270,ARHGAP22,ARHGAP24,none,none,-0.685180907,-0.470417876,0.366671173,0.855892791,none,none
271,RAB26,RAB37,Negative,Negative,-0.681043063,-1.073677012,-1.468474547,-1.509592886,unique_late,shared
272,RHOU,RHOV,none,none,-0.678335895,-0.940095705,-1.142509962,-0.817569452,none,none
273,CCNG1,CCNG2,Negative,none,-0.672336834,-0.630893173,-0.286510704,-0.042419926,unique_early,none
274,PLEKHH1,PLEKHH2,none,none,-0.670712267,-0.52217991,-0.732217992,-0.344594097,none,none
275,CCNJ,CCNJL,none,none,-0.66967794,-0.594484995,0.704536526,1.048510573,none,none
276,MACF1,DST,none,none,-0.667830269,-0.724988329,0.650472109,0.6258827,none,none
277,USP46,USP12,none,none,-0.666538685,-1.492676322,0.075195984,0.869060883,none,none
278,TRAF3,TRAF5,Negative,none,-0.663811388,-0.711534466,-0.653497772,-0.600202377,shared,none
279,STK4,STK3,none,none,-0.66377787,-0.655344697,-0.283401944,-0.257493059,none,none
280,KDM4C,BRD4,none,none,-0.662853703,0.216496886,0.158658299,0.221963266,none,none
281,LCOR,LCORL,Negative,none,-0.661894772,-1.432598925,0.188879422,0.779447024,unique_late,none
282,SLC52A2,SLC52A3,none,none,-0.661822109,-0.307675859,0.008448997,0.499563437,none,none
283,CAND1,CAND2,none,Negative,-0.661611076,-0.846033178,-1.423403781,-1.145948348,none,unique_early
284,KCTD20,BTBD10,Negative,none,-0.661443185,-0.545247467,-0.425432168,-0.34888398,unique_early,none
285,ENO2,ENO3,Negative,none,-0.660192339,-0.507829369,-0.772965515,-0.80035358,unique_early,none
286,THBS3,COMP,Negative,none,-0.659150711,-0.875321512,-0.472686682,-0.444252564,unique_late,none
287,MBNL1,MBNL2,none,none,-0.654486448,-0.431163969,-0.285179027,-0.286606368,none,none
288,SIX5,SIX4,Negative,none,-0.653968769,-1.053158081,-1.007678135,-0.885765121,shared,none
289,RAB31,RAB22A,Negative,none,-0.653233811,-0.565736305,0.483517583,0.455103207,unique_early,none
290,BAG3,BAG4,Negative,none,-0.652426607,-0.708665177,-0.125148294,-0.169465485,unique_early,none
291,PLCB3,PLCB1,Negative,none,-0.651723107,-0.831402982,-0.559389312,-0.440626925,unique_late,none
292,PTBP1,PTBP3,Negative,Negative,-0.649309504,-1.232580294,-0.963289257,-0.615126459,shared,unique_early
293,BAIAP3,UNC13D,none,none,-0.648293289,-0.178357054,-0.378331854,-0.180656406,none,none
294,PDZD2,IL16,none,Negative,-0.648125797,-0.427585963,-0.863535052,-0.914829946,none,unique_early
295,BACH1,BACH2,none,Negative,-0.645961582,-0.620660332,-0.861118055,-0.827319798,none,unique_early
296,ACBD3,TMED8,none,none,-0.641561668,-0.337256138,0.199662796,0.602470885,none,none
297,SULF2,SULF1,none,Negative,-0.641526537,-0.809171707,-1.152708057,-1.035322173,none,unique_early
298,NAA15,NAA16,none,none,-0.641506597,-0.530641098,0.655184374,0.718922445,none,none
299,CUX1,CUX2,none,Negative,-0.64120041,-0.597094733,-1.231859018,-1.204784484,none,shared
300,PIK3AP1,BANK1,none,Negative,-0.638357006,-0.604011686,-1.201210648,-1.074788073,none,shared
301,GOLGA7,GOLGA7B,Negative,none,-0.631947544,-0.280914772,-0.342993868,-0.121655735,unique_early,none
302,ITGA4,ITGA9,Negative,none,-0.628733328,-0.856884052,-0.945536946,-0.708034534,shared,none
303,JAG1,JAG2,none,none,-0.627275067,-0.740638122,-0.300440401,0.190085116,none,none
304,SLC25A14,SLC25A30,none,Negative,-0.627208354,-0.544527282,-2.029007732,-2.158361251,none,shared
305,DYNLL1,DYNLL2,none,none,-0.625841205,-0.843765473,-0.301721112,-0.213272053,none,none
306,ROR1,ROR2,Negative,none,-0.625823621,-0.619066309,-0.261088288,-0.328432984,unique_early,none
307,ANKRD11,ANKRD12,none,none,-0.61957987,-0.747738253,-0.517122354,-0.595512491,none,none
308,MTSS1L,MTSS1,none,none,-0.618795789,0.442542649,-0.401371309,-0.263455379,none,none
309,EMC8,EMC9,none,none,-0.616741243,-0.57606137,-0.188555982,0.231153436,none,none
310,SLC35D1,SLC35D2,none,none,-0.610741197,-1.015681866,-0.451240779,-0.374286231,none,none
311,MAGT1,TUSC3,none,Negative,-0.609155992,-1.096040007,-1.198122088,-1.14113027,none,unique_early
312,RARG,RARA,none,none,-0.608622182,-0.20524554,0.841976699,0.859574425,none,none
313,SNAP23,SNAP25,none,none,-0.60630514,-0.44816596,0.110686,-0.062674306,none,none
314,HEXB,HEXA,none,none,-0.604828483,-0.743893229,0.639884981,0.67828642,none,none
315,HIP1,HIP1R,none,Negative,-0.603803566,-0.875239717,-1.409580417,-1.368747531,none,shared
316,MBD2,MBD3,none,none,-0.600802756,-0.339159768,0.407203065,0.864717449,none,none
317,MAT2A,MAT1A,none,none,-0.600689073,-0.154654517,0.648390412,0.653442755,none,none
318,PTCH1,PTCH2,none,Negative,-0.599241416,-0.632383082,-1.547778723,-1.409207827,none,shared
319,KCND3,KCND2,none,none,-0.598361995,-0.671628344,-0.891703841,-0.834084049,none,none
320,ESYT2,ESYT3,Negative,none,-0.598012871,-0.664070684,-0.72141071,-0.78185534,unique_early,none
321,CALM2,CALM1,none,none,-0.597798815,-0.76399298,0.071904148,-0.119199956,none,none
322,EMX1,EMX2,none,none,-0.594640963,-0.498318347,-0.343869727,-0.201354723,none,none
323,STRIP1,STRIP2,none,none,-0.593243391,-0.846968977,-0.572880045,-0.096844539,none,none
324,RBL2,RBL1,Negative,Negative,-0.582442568,-0.778671506,-1.45041866,-1.341332251,unique_late,unique_early
325,APH1A,APH1B,Negative,none,-0.581243801,-0.993421273,-0.160371834,-0.056594637,unique_late,none
326,SGSM2,SGSM1,Negative,none,-0.581088718,-0.303016221,-0.246457002,-0.251343696,unique_early,none
327,ETS2,ETS1,none,none,-0.579359154,-0.690567991,-0.653992852,-0.677703004,none,none
328,TJAP1,BEGAIN,Negative,none,-0.578691238,-0.363571911,-1.467446183,-1.305092835,unique_early,none
329,FAM117B,FAM117A,none,none,-0.578588464,-0.638018377,-0.553221233,-0.287415676,none,none
330,DAB2,DAB1,none,none,-0.574934391,-0.412285921,-0.15147029,0.00320388,none,none
331,2-Mar,3-Mar,none,none,-0.572873538,-0.809337872,-0.429710677,0.016135216,none,none
332,CAMKK2,CAMKK1,none,none,-0.572109252,-0.934394189,-0.111952768,0.112722626,none,none
333,ARHGEF1,ARHGEF12,none,none,-0.571243874,-0.633954091,-0.456737512,-0.320134454,none,none
334,AHSA1,AHSA2,none,none,-0.570672537,-0.758031492,-0.386287053,-0.422062104,none,none
335,NRBP1,NRBP2,none,none,-0.570531955,-0.519849696,-0.852377456,-0.512038705,none,none
336,NOVA1,NOVA2,none,none,-0.568856796,-0.659136261,-0.118533884,-0.17284544,none,none
337,BRMS1,BRMS1L,none,Negative,-0.567731924,-0.779585192,-1.039934524,-1.025958305,none,unique_early
338,CDK12,CDK13,none,none,-0.566089807,-0.541970054,-0.51115624,-0.377040374,none,none
339,DIP2A,DIP2C,none,none,-0.564089678,-0.858150496,-0.390198579,-0.269976791,none,none
340,OSBPL8,OSBPL5,none,none,-0.561816201,-0.742182654,-0.901313964,-0.828153487,none,none
341,COPG1,COPG2,none,none,-0.55876789,-0.536867923,0.027093902,0.218641682,none,none
342,AHCYL1,AHCYL2,Negative,none,-0.555492479,-0.734173361,-0.882012822,-0.776143294,shared,none
343,PAK2,PAK3,Negative,none,-0.552559042,-0.845926337,-0.061660919,0.064470314,shared,none
344,MAPK1,MAPK3,none,none,-0.552442369,-0.138378677,-0.011241509,0.511490644,none,none
345,EPC1,EPC2,none,none,-0.550578373,0.081696931,0.305381377,0.421966941,none,none
346,ATF6B,ATF6,none,Negative,-0.550020026,-0.867988754,-0.960617278,-0.322041433,none,unique_early
347,DNAJC19,DNAJC15,none,none,-0.546814295,-0.524293854,-1.037374677,-0.91868831,none,none
348,CTBP1,CTBP2,Negative,none,-0.544462,-1.405666389,-0.495937442,0.069090589,unique_late,none
349,NCOA3,NCOA1,none,none,-0.544304456,-0.997793042,-0.099429746,0.6401735,none,none
350,PEA15,BRAF,none,none,-0.537670454,-0.317001675,0.448698797,0.717243584,none,none
351,SGMS1,SGMS2,none,Negative,-0.529817073,-0.629902257,-1.232247866,-1.009499337,none,unique_early
352,MSI2,MSI1,none,none,-0.529189974,-0.651311212,-0.46775536,-0.563274628,none,none
353,GNB1,GNB4,none,Positive,-0.527699905,-0.678295988,0.592668538,1.184444758,none,unique_late
354,USP38,USP35,none,none,-0.524622732,-0.144556041,0.108161328,0.245444732,none,none
355,ULK1,ULK2,none,none,-0.524294394,-0.327061441,-0.626476271,-0.564061998,none,none
356,QPCTL,QPCT,Negative,none,-0.52413655,-0.951323785,-0.350648188,-0.174200077,unique_late,none
357,REEP5,REEP6,none,Negative,-0.517952199,-0.925656537,-1.443308366,-1.758444607,none,shared
358,MAP2K1,BRAF,none,none,-0.515935887,-0.436628383,-0.792565315,-0.512201399,none,none
359,YAF2,RYBP,none,none,-0.502944874,-0.63438977,-0.830443907,-0.789399894,none,none
360,AP3B1,AP3B2,none,none,-0.502667211,-0.212727288,0.037077914,0.121238259,none,none
361,PTPN1,PTPN2,none,none,-0.500262112,-0.197578811,-1.120067038,-1.144236837,none,none
362,NBEAL2,NBEAL1,Negative,none,-0.499921525,-0.521525544,-0.362632517,-0.144414333,unique_early,none
363,MAP2K3,MAP2K6,Negative,none,-0.496143464,-0.978440401,-0.493648323,-0.297404615,unique_late,none
364,NR2C1,NR2C2,none,none,-0.493296343,-0.508218627,-0.476745706,-0.3484223,none,none
365,KLHL23,KLHL11,none,none,-0.491574756,-0.649480386,-0.354663642,-0.356403878,none,none
366,DHX32,DQX1,none,none,-0.489515475,-0.319850913,-0.878659841,-0.894591176,none,none
367,GPSM2,GPSM1,none,none,-0.489494139,-0.026699347,-1.189066916,-1.114709224,none,none
368,SLC12A4,SLC12A5,none,none,-0.485840258,-0.439849682,0.173406477,0.392859141,none,none
369,RBMS1,RBMS3,none,none,-0.485472881,-0.514273281,-0.117332273,-0.183374291,none,none
370,LDHB,LDHC,none,none,-0.484641434,-0.786187446,-0.307349549,-0.522612126,none,none
371,MAB21L1,MAB21L2,none,none,-0.476360921,-0.726856456,-0.486611158,-0.499346876,none,none
372,SMARCA2,SMARCA4,none,Negative,-0.476299106,-0.740290221,-1.057083841,-0.795372791,none,unique_early
373,SMTN,SMTNL2,none,none,-0.475634776,-0.993048817,0.238492873,0.233738224,none,none
374,UCK2,UCK1,none,none,-0.473876336,0.285646585,0.168315025,0.375713223,none,none
375,PPP1R3E,PPP1R3D,none,none,-0.46873947,-1.568971815,-0.39203802,-0.679010382,none,none
376,PXN,TGFB1I1,none,none,-0.467630235,-0.679424467,-0.912585415,-0.473678205,none,none
377,CERS5,CERS6,none,none,-0.467577244,-0.410136027,-0.612478711,-0.144725331,none,none
378,OTX1,OTX2,none,none,-0.463799487,-0.533190741,-0.096816485,0.409729936,none,none
379,SAP30L,SAP30,none,none,-0.461021501,-0.348778283,0.402280517,0.409628226,none,none
380,MTMR4,MTMR3,none,none,-0.455257941,-0.614926457,0.816135564,1.026618176,none,none
381,RASSF8,RASSF7,none,none,-0.453875278,-0.421065546,-0.208688741,-0.264154538,none,none
382,RAB34,RAB36,none,Positive,-0.452956192,-0.464558324,1.116073339,1.089498772,none,unique_early
383,RFX5,RFX7,none,Negative,-0.452314321,-0.46455554,-1.433309564,-1.342639506,none,shared
384,PMM2,PMM1,none,none,-0.451838519,-0.273632005,-0.842073285,-1.061431478,none,none
385,LIMK1,LIMK2,none,none,-0.451030263,-0.311810263,-1.209816765,-1.247316229,none,none
386,LLGL1,LLGL2,none,Negative,-0.449674517,-0.275654978,-0.905203081,-0.345359276,none,unique_early
387,SOS1,SOS2,none,Negative,-0.447648551,-0.593918287,-0.627578838,-0.989258,none,unique_late
388,UBTD2,UBTD1,none,none,-0.446497375,-0.443684892,-0.74986645,-0.402111559,none,none
389,PLCG1,PLCG2,none,none,-0.444839601,-1.020372201,-0.855066127,-0.50773064,none,none
390,SENP3,SENP5,none,none,-0.443364399,-0.575688269,-0.455797184,-0.29644487,none,none
391,CAPRIN1,CAPRIN2,none,Negative,-0.440488724,-0.43875664,-0.747211222,-0.686350642,none,unique_early
392,E2F7,E2F8,none,none,-0.440431739,-0.598374849,0.269321883,0.404120104,none,none
393,PUM1,PUM2,none,none,-0.438887566,-0.185672763,-0.077479027,0.010882724,none,none
394,SPTLC2,SPTLC3,none,none,-0.438301004,-0.474434273,-0.703021664,-0.219010904,none,none
395,PPP1CC,PPP1CA,none,none,-0.431139247,-0.385946926,-0.319806783,-0.312146569,none,none
396,TBC1D1,TBC1D4,none,none,-0.430322404,-0.076270578,-0.923345516,-0.721378683,none,none
397,THOP1,NLN,none,Negative,-0.427130879,-0.399144909,-1.096910595,-0.6728558,none,unique_early
398,LDHA,LDHC,none,none,-0.426442381,-0.49449795,0.054832666,-0.086537355,none,none
399,ARNT,ARNT2,none,none,-0.425691671,-0.834365479,-0.935633021,-0.796440487,none,none
400,SLC9A3R1,SLC9A3R2,none,none,-0.42527381,-1.176167493,-0.468916564,-0.305316659,none,none
401,CASP7,CASP3,none,none,-0.42524145,-0.539347831,-0.124410562,-0.085928651,none,none
402,POGZ,ZNF280D,none,none,-0.424963082,-0.372503642,-0.268138808,0.037612389,none,none
403,SMAD6,SMAD7,none,Negative,-0.422905789,-0.123515563,-1.222599033,-0.653538504,none,unique_early
404,NPAS2,CLOCK,none,none,-0.42154402,-0.459296828,-0.24835159,-0.159521874,none,none
405,DACH1,DACH2,none,none,-0.420185925,-0.336275428,0.21190056,0.213801315,none,none
406,FSCN1,FSCN2,none,none,-0.419181973,-0.454285822,0.605974789,0.520965728,none,none
407,CHSY1,CHSY3,none,none,-0.418075443,-0.12855767,0.280934766,0.466039949,none,none
408,PRKCE,PRKCH,none,none,-0.410002606,-0.344069214,0.429634239,0.689160884,none,none
409,FUNDC2,FUNDC1,none,Negative,-0.406860527,-0.468798385,-0.870517478,-0.563406324,none,unique_early
410,SMURF2,SMURF1,none,none,-0.405457467,-0.287883452,0.112377295,-0.005176947,none,none
411,SCD,SCD5,none,none,-0.403189591,-0.374547795,-1.230117005,-0.76704022,none,none
412,HNRNPR,SYNCRIP,none,none,-0.400806332,-0.638970412,0.307711542,0.502213116,none,none
413,ADAMTSL1,ADAMTSL3,Negative,Negative,-0.394799289,-0.697804641,-1.287954725,-1.207117324,unique_late,shared
414,DUSP16,DUSP8,none,none,-0.393123583,0.126573425,1.425238632,1.84475139,none,none
415,RHBDF1,RHBDF2,none,none,-0.39291925,-0.190204905,0.63588866,0.916016749,none,none
416,TMUB1,TMUB2,none,none,-0.390923973,0.177691393,-0.615392044,-0.220494293,none,none
417,IGF2BP3,IGF2BP1,none,none,-0.389574205,-0.251081068,-0.01645937,-0.007094889,none,none
418,CORO2A,CORO2B,none,none,-0.388716004,0.374275021,-0.068389576,0.676829584,none,none
419,TIMP3,TIMP4,none,Positive,-0.379915097,0.244780019,1.756953614,1.814884763,none,shared
420,DDR1,DDR2,none,none,-0.372990525,-0.556400283,0.071666618,0.658051434,none,none
421,MCTP1,MCTP2,none,Negative,-0.37187398,-0.769717823,-1.556812707,-1.244202646,none,shared
422,MAN1A1,MAN1C1,none,none,-0.36814839,-0.38012849,0.015977055,-0.00396813,none,none
423,GFOD2,GFOD1,none,none,-0.365798156,-0.197038463,-0.208629288,0.056609924,none,none
424,RASA3,RASA2,none,none,-0.359034842,-0.178060185,0.085478005,0.067279633,none,none
425,UBE2V2,UBE2V1,none,none,-0.353993333,-0.169200715,-0.868725448,-1.02580704,none,none
426,SNX15,RPS6KC1,none,none,-0.353725755,-0.390335212,0.201794415,0.424901332,none,none
427,MBNL1,MBNL3,none,none,-0.353079221,-0.115497666,-0.775432077,-0.566626348,none,none
428,AJUBA,WTIP,none,none,-0.348165505,-0.639611012,-0.537714554,-0.353670406,none,none
429,SRCAP,EP400,none,none,-0.346424842,-0.129175803,0.101689248,0.635033953,none,none
430,GNA12,GNA13,none,none,-0.342167698,-0.080631222,-0.84947905,-1.32102643,none,none
431,DMRTA1,DMRTA2,none,none,-0.336359643,-0.04658308,-0.151431275,-0.063358453,none,none
432,RANBP9,RANBP10,none,none,-0.334912921,-0.346856282,-0.355244187,-0.321779654,none,none
433,IFIH1,DHX58,none,none,-0.328904928,-0.501449905,-0.253461492,-0.037643172,none,none
434,SLK,STK10,none,none,-0.320416904,-0.105490216,-0.698690923,-0.580174035,none,none
435,TANC2,TANC1,none,none,-0.320083902,-0.453358915,0.06344439,0.218113022,none,none
436,ARAP3,ARAP2,none,none,-0.315921901,-0.4207181,-0.364685297,-0.374747345,none,none
437,TMEM59,TMEM59L,none,Negative,-0.314556461,-0.351152073,-0.83838115,-0.635854824,none,unique_early
438,ERC1,ERC2,none,Negative,-0.313012791,0.354833602,-0.804772323,-0.524548669,none,unique_early
439,EIF1,EIF1B,none,none,-0.310256079,-0.505418902,-0.691754389,-0.927419978,none,none
440,LIN28B,LIN28A,none,none,-0.308637229,-0.50521651,-0.296699534,0.394175914,none,none
441,HOOK2,HOOK1,none,none,-0.307963124,0.004867834,0.598321688,0.433946758,none,none
442,RAD23B,RAD23A,none,none,-0.306637723,-0.02651234,-0.555092658,-0.519223855,none,none
443,TWF1,TWF2,none,none,-0.306508317,0.220496704,0.449996724,1.186386182,none,none
444,CRELD2,CRELD1,none,none,-0.306395769,-0.054921846,-0.828757576,-0.644475524,none,none
445,APBB2,APBB3,none,Positive,-0.305984172,-0.136163126,0.97930261,1.380469364,none,shared
446,APC,CTNNB1,none,none,-0.303644993,-0.300015523,-0.289449478,-1.04606167,none,none
447,ZCCHC11,ZCCHC6,none,none,-0.303031693,-0.268008892,-0.349077528,-0.454605288,none,none
448,RIC8A,RIC8B,none,none,-0.301420888,-0.419448768,-0.620469246,-0.737745037,none,none
449,CANX,CLGN,none,none,-0.301224042,-0.329416404,-1.004299335,-0.58373071,none,none
450,USP21,USP2,none,none,-0.294317404,-0.165881186,-0.897029897,-0.703890945,none,none
451,GLIS3,GLIS1,none,none,-0.292248631,-0.305665735,-0.444272935,0.001784524,none,none
452,ZFYVE16,ZFYVE9,none,none,-0.287961128,-0.079611551,-0.287731211,-0.184018208,none,none
453,PSMA7,PSMA8,none,none,-0.283263963,-0.661226646,-0.859362957,-1.114878309,none,none
454,PRKCI,PRKCZ,none,none,-0.280321171,-0.037111446,-0.915144862,-0.362981529,none,none
455,TXNRD1,TXNRD3,none,none,-0.276329053,-0.253608711,-0.71103381,-0.446914592,none,none
456,TJP2,TJP3,none,none,-0.275619932,-0.619165468,-0.654135902,-1.012655674,none,none
457,EFHD2,EFHD1,none,none,-0.273138453,-0.106083689,0.496221431,0.660852792,none,none
458,BCL2L1,BCL2L2,none,none,-0.272778472,0.432341914,-0.90543148,-0.472993913,none,none
459,TPST1,TPST2,none,none,-0.270275946,-0.185826504,0.598168064,0.611321152,none,none
460,PGM2,PGM2L1,none,none,-0.268748109,-0.01699793,-0.449235579,-0.22929961,none,none
461,STX7,STX12,none,none,-0.265645245,0.177396141,0.290953676,0.092272823,none,none
462,PGRMC1,PGRMC2,none,none,-0.265143867,0.840422695,0.911304945,0.80084118,none,none
463,DNMBP,ARHGEF37,none,none,-0.263532054,-0.29847803,-1.108561962,-0.994225683,none,none
464,LRP1,LRP1B,none,Negative,-0.26274459,-0.576538857,-0.700434183,-0.993228743,none,unique_late
465,XYLT2,XYLT1,none,none,-0.261532309,0.048834321,-0.638068011,-0.416652922,none,none
466,SRSF1,SRSF9,none,none,-0.261180973,0.023353339,-1.92215889,-1.332102202,none,none
467,PLK2,PLK3,none,none,-0.261016058,-0.852272204,0.62334126,1.204112136,none,none
468,NIPAL1,NIPAL4,none,none,-0.258575755,-0.309773288,0.003895267,0.083549153,none,none
469,AHNAK,AHNAK2,none,none,-0.257556345,0.292191297,-0.694882794,-0.295152722,none,none
470,HNRNPL,HNRNPLL,none,none,-0.255990268,-1.153938752,-1.825138745,-1.679398236,none,none
471,KHDRBS1,KHDRBS3,none,none,-0.254078997,0.061782665,0.777212696,1.113937909,none,none
472,FSTL3,FST,none,none,-0.24957664,0.148413694,-1.078845095,-1.280355017,none,none
473,INPP4A,INPP4B,none,none,-0.247630382,-0.591811105,0.262732644,0.557843233,none,none
474,UBQLN1,UBQLN4,none,none,-0.246543013,-0.302323834,-0.398196378,-0.181257022,none,none
475,LRBA,GNAL,none,none,-0.241025583,0.22850493,0.176439616,0.169421704,none,none
476,NLGN1,NLGN4X,none,none,-0.237889456,-0.655128547,-1.021402023,-1.039329139,none,none
477,FAM78A,FAM78B,none,none,-0.236200226,0.068419265,-0.256131785,-0.104033508,none,none
478,FNDC3A,FNDC3B,none,none,-0.234937001,-0.227067098,-0.661499716,-0.595642163,none,none
479,TBC1D9B,TBC1D9,none,none,-0.231082266,-0.106042633,-0.735423376,-0.776142853,none,none
480,GPATCH2L,GPATCH2,none,none,-0.226991881,-0.04598275,-0.594332138,-0.533225829,none,none
481,RAB9A,RAB9B,none,none,-0.226293302,0.25559137,0.158344738,0.507030439,none,none
482,PLCL2,PLCL1,none,none,-0.226287134,-0.521334839,-0.193038433,0.257329148,none,none
483,ID1,ID2,none,none,-0.221438702,-0.340261073,-0.203726133,-0.091300225,none,none
484,ATP6V0A1,ATP6V0A4,none,none,-0.221240427,-0.48365061,-0.648757024,0.260760549,none,none
485,AXIN1,AXIN2,none,none,-0.21943441,-0.065865708,-0.320296719,0.047202951,none,none
486,PTPRG,PTPRZ1,none,none,-0.21908414,-0.244151817,-0.760944353,-0.492618395,none,none
487,DOCK4,DOCK3,none,none,-0.214627685,-0.167744712,-0.289727312,-0.129056566,none,none
488,GATAD2A,GATAD2B,none,none,-0.213816896,-0.659704291,0.282233802,0.382011211,none,none
489,CCND1,CCND2,none,none,-0.212648366,0.115047346,-0.684769268,-0.584926132,none,none
490,PPP3CA,PPP3CB,none,none,-0.212121884,-0.431739946,-0.552442729,-0.918984016,none,none
491,SYDE1,SYDE2,none,none,-0.210507057,-0.581696472,-0.453583147,-0.589253961,none,none
492,UNC119,UNC119B,none,Negative,-0.209164617,0.390369352,-0.963045144,-0.537825467,none,unique_early
493,ERLIN1,ERLIN2,none,none,-0.208357706,-0.415729845,-0.437891129,-0.071771793,none,none
494,PI4K2B,MME,none,none,-0.207183488,0.013330276,-0.697040325,-0.114246325,none,none
495,FER,FES,none,none,-0.205541643,0.052249317,-0.003651323,0.573831862,none,none
496,TMX1,TMX4,none,Positive,-0.205417976,-0.39801671,1.703893329,1.847209163,none,unique_late
497,ZYX,FBLIM1,none,none,-0.202869837,0.056376804,0.340886974,0.849603278,none,none
498,STX1A,STX1B,none,none,-0.19974901,0.420404518,-0.46215165,-0.339679697,none,none
499,NEK7,NEK6,none,none,-0.196742487,-0.00255413,-0.457076778,0.021889439,none,none
500,ATG4D,ATG4C,none,none,-0.19071373,-0.265135028,-0.0851799,0.000803675,none,none
501,SGTA,SGTB,none,none,-0.190635324,-0.179278153,-0.607120804,0.067817295,none,none
502,TES,LMCD1,none,none,-0.190142996,-0.046119615,-0.692583579,-0.443893922,none,none
503,PPP2CA,PPP2CB,none,none,-0.188382148,-0.315246901,-0.1682451,0.240681358,none,none
504,ATF3,JDP2,none,none,-0.18818722,-0.167996156,0.102675446,0.116283897,none,none
505,NOTCH2,NOTCH1,none,none,-0.18648555,0.15660532,0.178257552,0.081590958,none,none
506,ZFR,ZFR2,none,none,-0.185660481,-0.648112269,0.207323405,0.379412349,none,none
507,CLTC,CLTCL1,none,none,-0.185432119,-0.474894043,-0.618668981,-0.485888815,none,none
508,MET,MST1R,none,Negative,-0.18329179,-0.007071213,-0.586222772,-0.328444809,none,unique_early
509,AP1G1,AP1G2,none,none,-0.182652051,-0.577529719,0.249082681,0.442219543,none,none
510,TMEM50A,TMEM50B,none,none,-0.181091202,-0.457972015,-0.975913,-0.202242061,none,none
511,SOX12,SOX11,none,none,-0.177240083,-0.399200309,-0.022877689,0.160910743,none,none
512,TTYH3,TTYH2,none,none,-0.177017747,-0.496528214,1.083739494,1.405760119,none,none
513,FAM161B,FAM161A,none,none,-0.176536481,-0.316860029,-1.027894998,-0.932203307,none,none
514,VPS37B,VPS37C,none,none,-0.175041034,-0.482973689,-0.643626277,-0.436551038,none,none
515,PHKA2,PHKA1,none,Positive,-0.168049206,-0.539132406,0.861752741,0.828265137,none,unique_early
516,BMPR1A,BMPR1B,none,none,-0.164725514,-0.290257411,-0.123172014,0.240286274,none,none
517,VPS13A,VPS13C,none,none,-0.163202012,-0.094863517,0.07162991,0.82219988,none,none
518,RBM39,RBM23,none,none,-0.162707186,-0.649537546,1.214597671,1.264253018,none,none
519,FUCA2,FUCA1,none,none,-0.160309677,0.043321025,-0.245905171,-0.350445153,none,none
520,PLEKHB2,PLEKHB1,none,none,-0.160061949,-0.139481571,-0.189409601,0.115972147,none,none
521,RAB11A,RAB11B,none,none,-0.152912487,-0.902957015,-0.392842505,0.135416927,none,none
522,DOPEY1,DOPEY2,none,none,-0.151939889,0.299611743,-0.304678322,0.023076871,none,none
523,ZDHHC18,ZDHHC14,none,none,-0.151266932,-0.341707673,1.15472851,1.174726082,none,none
524,FAM160B2,FAM160B1,none,none,-0.14647822,-0.368473959,0.182482791,0.561182422,none,none
525,BMI1,PCGF2,none,none,-0.145610821,0.196575722,0.106452848,0.229335463,none,none
526,EXT1,EXTL1,none,none,-0.144893057,-0.800547623,-0.634396855,-0.178895532,none,none
527,UCHL3,UCHL1,none,none,-0.14385417,-0.039946667,-0.591448048,-0.127605068,none,none
528,LYSMD3,LYSMD4,none,none,-0.143716132,-0.157360034,-0.108860473,-0.213114791,none,none
529,ELMO2,ELMO3,none,none,-0.143670813,-0.201212034,-0.807148198,-0.868988539,none,none
530,DENND6A,DENND6B,none,none,-0.143241298,-0.791001017,-0.437976506,0.475628767,none,none
531,SLC44A1,SLC44A3,none,none,-0.139257652,0.003763354,0.654987222,1.035509026,none,none
532,DNAH11,DNAH17,none,none,-0.138649051,-0.350460245,0.477573036,0.316711799,none,none
533,AK3,AK4,none,Negative,-0.137985245,-0.098207545,-0.729672458,-0.970010149,none,unique_late
534,GALNT10,GALNTL6,none,none,-0.137093325,-0.37469326,-0.544578643,-0.54845316,none,none
535,FOXK2,FOXK1,none,none,-0.135892988,-0.171174316,-1.076187458,-1.092559243,none,none
536,EPS15,EPS15L1,none,none,-0.13360478,0.385061608,-0.789192914,-0.909717342,none,none
537,RAD9A,RAD9B,none,none,-0.128767814,0.268005443,0.361884469,0.685305769,none,none
538,TIAM2,TIAM1,none,none,-0.12343543,-0.493104271,-0.638015949,-0.639454792,none,none
539,EIF4G1,EIF4G3,none,none,-0.122711678,0.260021738,-0.204209352,-0.189712033,none,none
540,PPM1F,PPM1E,none,none,-0.121515484,0.520642678,-0.216447111,0.096415759,none,none
541,HSPA12A,HSPA12B,none,none,-0.119760464,-0.729772101,0.065703598,-0.10593133,none,none
542,PHF20L1,PHF20,none,none,-0.114996358,0.196827579,-0.318829236,-0.05907401,none,none
543,ST8SIA4,ST8SIA2,none,none,-0.110849583,-0.110504487,0.378787948,0.638694139,none,none
544,P4HA2,P4HA1,none,none,-0.109669453,-0.07451003,0.109059326,0.387496519,none,none
545,FEM1C,FEM1A,none,none,-0.106017346,0.091001049,-0.094960448,-0.233368248,none,none
546,MTMR12,MTMR10,none,none,-0.099673078,-0.015972351,-0.780316892,-0.495430262,none,none
547,PACS1,PACS2,none,none,-0.098175357,-0.456776967,0.65288448,0.748170425,none,none
548,ORMDL1,ORMDL3,none,none,-0.097199735,-0.139424999,-0.292960622,-0.095841134,none,none
549,SORBS2,SORBS1,none,none,-0.096744064,0.426003056,-0.153169715,0.225241191,none,none
550,GDPD1,GDPD3,none,none,-0.094253437,-0.012930596,-0.455057816,-0.797828748,none,none
551,TBC1D15,TBC1D17,none,none,-0.09404402,0.017018223,-0.062977821,0.083051477,none,none
552,PRKAR1A,PRKAR1B,none,none,-0.090031768,-0.706835886,-0.858620043,-0.830690794,none,none
553,DUSP22,DUSP15,none,none,-0.089203745,0.099950809,0.062985732,0.062049909,none,none
554,B4GALT5,B4GALT6,none,none,-0.079604357,-0.604355386,-0.264715984,0.21143726,none,none
555,GNA11,GNAQ,none,none,-0.074673547,-0.064082995,-0.751904603,-0.342768948,none,none
556,PRKCA,PRKCB,none,Negative,-0.069013388,-0.509977117,-0.976413941,-1.036612279,none,unique_early
557,MDM2,TP53,none,Positive,-0.059391688,0.111308183,1.871212731,1.414020292,none,unique_early
558,UBALD1,UBALD2,none,none,-0.058523112,0.178820099,-1.182373569,-1.09548434,none,none
559,METRN,METRNL,none,none,-0.055479793,-0.330959225,-1.416137065,-1.735123555,none,none
560,PAIP1,PAIP2,none,none,-0.054501389,0.054766049,0.071745529,0.045580931,none,none
561,BRD7,BRD9,none,none,-0.054120501,0.122471356,0.58475616,0.965594123,none,none
562,NPR2,NPR1,none,none,-0.047573737,-0.069934469,0.74572853,0.386044042,none,none
563,ETV1,ETV4,none,none,-0.043855384,0.261806573,0.664031936,0.418119573,none,none
564,NAB1,NAB2,none,none,-0.040726502,0.014452297,-0.508232728,-0.501318789,none,none
565,RPS6KA4,RPS6KA5,none,none,-0.039766611,-0.654927358,0.130592792,0.414850984,none,none
566,HERC3,HERC4,none,none,-0.037264272,0.748256368,-1.159623659,-0.409388376,none,none
567,SPOP,SPOPL,none,Negative,-0.035696543,-0.228026188,-0.552689179,-0.37558487,none,unique_early
568,LETM1,LETM2,none,none,-0.03305358,-0.527001937,-0.5574797,-0.451343531,none,none
569,PPP1R16A,PPP1R16B,none,none,-0.032229713,-0.122964794,-0.156881589,0.436461395,none,none
570,RALGAPA1,RALGAPA2,none,none,-0.031165444,-0.119438113,0.023788667,0.329594693,none,none
571,SIN3A,SIN3B,none,none,-0.025791719,0.20180642,-0.380312176,-0.322159722,none,none
572,TRA2A,TRA2B,none,none,-0.023161551,0.549883388,-1.565794519,-1.45864607,none,none
573,RAC1,RAC2,none,none,-0.020870184,0.263740899,-0.806067113,-0.223488108,none,none
574,FUBP1,FUBP3,none,none,-0.015820691,0.50384741,0.342470989,0.28379235,none,none
575,LBX2,LBX1,none,none,-0.01490707,0.017143934,-0.491665835,-0.412905593,none,none
576,CRABP2,CRABP1,none,Negative,0.00062773,0.246295832,-1.321577385,-1.391833407,none,shared
577,SMARCD1,SMARCD2,none,none,0.001143256,-0.782377634,0.763231012,0.826164432,none,none
578,PIK3CB,PIK3CD,none,none,0.004262243,-0.184259653,-0.626184444,0.082740075,none,none
579,PPP6R3,PPP6R2,none,Positive,0.008862002,-0.065994149,0.872309469,1.045161222,none,unique_early
580,ATRN,ATRNL1,none,Negative,0.011223339,0.370440701,-0.875649179,-0.62633766,none,unique_early
581,DLG3,DLG2,none,none,0.011295822,0.226912833,0.541261311,0.851311832,none,none
582,TCP11L1,TCP11L2,none,none,0.017183931,-0.102842955,0.4868338,0.773250207,none,none
583,KIF16B,STARD9,none,none,0.027088183,-0.065908659,-0.451657389,-0.042695941,none,none
584,ENO1,ENO3,none,none,0.032790666,0.077450069,0.236858634,0.263920573,none,none
585,WIPI2,WIPI1,none,none,0.033254767,-0.6959115,-0.661439134,-0.455016712,none,none
586,PWWP2A,PWWP2B,none,none,0.040782308,-0.022406241,-0.50543031,0.140072384,none,none
587,DCHS1,DCHS2,none,none,0.044679718,0.266004993,-0.075497569,0.33765511,none,none
588,LDB1,LDB2,none,none,0.046343361,-0.123272162,-0.859756036,-0.318439277,none,none
589,OSBP,OSBP2,none,none,0.047985542,-0.018430184,-0.699132886,-0.309662322,none,none
590,GMFB,GMFG,none,none,0.053222573,0.025610062,-1.013366209,-0.444468842,none,none
591,BTBD3,BTBD6,none,none,0.053776208,0.039473781,0.698850128,0.938195908,none,none
592,ELK3,ELK4,none,none,0.054989404,0.246713835,-0.664077895,-0.576623368,none,none
593,SIX1,SIX2,none,none,0.057621368,0.240980715,0.036186081,0.02351617,none,none
594,CDK14,CDK15,none,Negative,0.058703247,0.023377985,-1.159405226,-1.323254985,none,unique_early
595,PREX1,PREX2,none,none,0.059577866,0.067763593,0.439308428,0.501560582,none,none
596,KLF10,KLF11,none,none,0.062571927,-0.110853497,0.552961208,0.275591291,none,none
597,ATP6V1C1,ATP6V1C2,none,none,0.062619926,-0.169213881,0.589193279,0.950761552,none,none
598,PRPF40A,PRPF40B,none,none,0.063570298,0.324194404,0.097322088,0.532185728,none,none
599,RHPN2,RHPN1,none,none,0.066096518,0.042898279,-0.426158931,0.006677212,none,none
600,CEP85,CEP85L,none,Negative,0.066512635,-0.019089907,-1.335927144,-0.979542602,none,unique_early
601,LYPLA1,LYPLA2,none,none,0.067040566,0.022363896,-0.023194145,0.042042734,none,none
602,KIFC3,KIFC2,none,none,0.071705016,0.157589949,-0.179062913,-0.002398108,none,none
603,HEATR5A,HEATR5B,none,none,0.07527053,0.173775317,0.019264365,0.02992251,none,none
604,GRPEL1,GRPEL2,none,none,0.076807647,0.751554131,-0.104163641,0.049780006,none,none
605,FOXF2,FOXF1,none,none,0.085897462,-0.110766208,-0.940124664,-0.87717668,none,none
606,NCOR1,NCOR2,none,none,0.086611495,0.083180763,-0.28148642,-0.221973947,none,none
607,CCNE2,CCNE1,none,none,0.091378085,0.105936373,0.00160283,0.429617752,none,none
608,RBM15B,RBM15,none,none,0.092304842,-0.058723926,-1.357228662,-1.083201859,none,none
609,PAK4,PAK6,none,none,0.095742127,-0.300008798,-0.185542957,0.354653353,none,none
610,MLLT10,MLLT6,none,none,0.096816974,0.15497696,-0.71861147,-0.389181794,none,none
611,UBR1,UBR2,none,none,0.110901197,-0.092974852,0.430466851,0.739655623,none,none
612,ATG4B,ATG4A,none,Positive,0.120737186,0.786214124,0.93058222,1.084378101,none,shared
613,RPS27,RPS27L,none,none,0.121238936,0.190826301,-0.86951734,-1.003500706,none,none
614,EGR2,EGR3,none,none,0.122791793,0.390623927,-0.772789011,-0.407602587,none,none
615,EME1,EME2,none,none,0.12780622,-0.033029939,-0.352857963,0.028010691,none,none
616,ATAD2,ATAD2B,none,none,0.131744512,-0.134410381,-0.651932012,-0.19055977,none,none
617,PPRC1,PPARGC1A,none,none,0.132387072,0.196463988,-0.641286076,-0.674338091,none,none
618,TOP2A,TOP2B,none,none,0.136931607,0.51952132,0.197874482,0.624349205,none,none
619,UNC5B,UNC5C,none,none,0.14095975,0.092566413,-0.34766272,-0.219585151,none,none
620,USP16,USP45,none,Negative,0.147861162,0.064110473,-1.793860564,-1.24519026,none,shared
621,ABHD12,ABHD12B,none,none,0.154857583,-0.093047391,0.184155748,0.344651764,none,none
622,CHMP4A,CHMP4C,none,none,0.158512109,-0.420944156,0.161238919,0.550766286,none,none
623,NT5C2,NT5DC4,none,none,0.159244511,0.191133591,-0.333426932,-0.185666112,none,none
624,SPATA6,SPATA6L,none,none,0.165383639,0.272972808,-0.580127653,-0.367664874,none,none
625,MICALL1,MICALL2,none,none,0.177392114,0.205500946,-0.24748847,-0.501982525,none,none
626,FMN2,FMN1,none,none,0.182085379,0.266578725,0.425900486,0.878087396,none,none
627,THRA,THRB,none,none,0.185697877,0.455674679,-0.712175249,-0.52147228,none,none
628,WWC2,WWC1,none,none,0.187586271,-0.141227345,-0.610115123,-0.268473693,none,none
629,PHACTR4,PHACTR2,none,none,0.191967,0.174446606,-0.718318648,-0.688312748,none,none
630,AUH,ECHDC2,none,none,0.194717267,0.172503995,-0.442202902,-0.155494568,none,none
631,LMBR1,LMBR1L,none,none,0.19870189,0.275424414,-0.726129738,-0.428990094,none,none
632,RNF126,RNF115,none,none,0.210732154,0.106216233,0.520353168,0.532099947,none,none
633,ATG16L1,ATG16L2,none,none,0.212451747,0.051105297,0.426999742,0.865862072,none,none
634,SERP1,SERP2,none,none,0.21403246,0.532486001,0.194281847,0.562905543,none,none
635,NFKBID,NFKBIZ,none,none,0.219631643,0.369443253,-0.768283803,-0.361993049,none,none
636,MTX1,MTX3,none,none,0.222227413,-0.137049969,0.391352699,0.752343811,none,none
637,CDC34,UBE2R2,none,none,0.22333387,-0.093391667,-0.673067383,-0.162758964,none,none
638,GREB1L,GREB1,none,Negative,0.225682675,-0.182907867,-1.178760661,-0.718873732,none,unique_early
639,CBFB,RUNX1,none,none,0.228564847,-0.042893149,-0.566391843,-0.623527741,none,none
640,PPP1R3B,PPP1R3C,none,none,0.231447399,-0.110772794,0.002264865,0.195188111,none,none
641,COPZ1,COPZ2,none,Negative,0.235788021,0.558258508,-1.343119558,-1.2571073,none,unique_late
642,TNK2,TNK1,none,none,0.24234145,0.150377611,-0.349187672,-0.443202713,none,none
643,ARHGAP33,ARHGAP31,none,Negative,0.246465533,0.425974506,-1.12944286,-1.276808449,none,shared
644,RAVER1,RAVER2,none,Negative,0.246804152,0.532599076,-0.968335534,-0.985114703,none,unique_early
645,ELOVL1,ELOVL7,none,none,0.261420364,0.438343597,-0.394922292,-0.367060856,none,none
646,ATP9A,ATP9B,none,none,0.261480307,0.113989608,0.074135764,0.35042559,none,none
647,HSF1,HSF4,none,none,0.26634421,0.763523612,-0.236573826,-0.217259562,none,none
648,OGDH,OGDHL,none,none,0.266585664,0.269196166,-0.590767941,-0.390014636,none,none
649,DMWD,WDR20,none,none,0.279163107,0.592826257,0.087172998,0.298778706,none,none
650,TET2,TET1,none,Positive,0.279207162,0.497696912,1.28820656,1.992848758,none,shared
651,CCNY,CCNYL1,none,Positive,0.280355368,0.419552311,0.993458239,0.99984286,none,unique_early
652,MMEL1,MLLT3,none,Positive,0.289165573,0.585028254,0.47930078,1.208865801,none,unique_late
653,EN2,EN1,none,none,0.300110311,0.569528989,-0.407823665,-0.402655441,none,none
654,R3HCC1,R3HCC1L,none,none,0.302993842,-0.011928661,-0.631776407,-0.553053606,none,none
655,SRRM1,SRRM2,none,none,0.311311048,-0.382551616,-0.320375567,0.171628496,none,none
656,CDK2,CDK3,none,none,0.316293107,0.685168729,-0.132887434,0.127610468,none,none
657,CHPF,CHPF2,none,none,0.320725992,0.237470445,0.942757632,0.938353719,none,none
658,ITCH,WWP2,none,none,0.329523187,-0.092615507,-0.332920885,-0.221700579,none,none
659,CDK2,CCNE1,none,none,0.339098293,0.513307355,-0.07145643,-0.060383648,none,none
660,EBF3,EBF1,none,none,0.339543839,0.442530988,-1.352732707,-1.313721552,none,none
661,VASH1,VASH2,none,none,0.377497767,-0.21194425,-0.094669932,0.142669839,none,none
662,UBA1,UBA7,none,none,0.405778242,0.521363124,0.242641337,0.536306897,none,none
663,PTK2,PTK2B,none,none,0.412818089,0.617947107,0.770196393,0.776401901,none,none
664,PLCD3,PLCD4,none,Negative,0.426089901,0.761347085,-1.684590571,-1.261066203,none,unique_early
665,PPA1,PPA2,none,none,0.435780965,0.863587847,-0.088361203,0.071035814,none,none
666,EEF1A1,EEF1A2,none,none,0.443377006,0.779668109,0.387540455,0.689203319,none,none
667,ANXA5,ANXA6,none,none,0.454476225,0.202177988,-0.506360154,-0.508699208,none,none
668,SLC29A1,SLC29A2,none,none,0.458018868,0.820627234,0.052217912,0.00406507,none,none
669,LARP1,LARP1B,none,none,0.473597099,0.983581186,0.720278303,0.559977062,none,none
670,NID1,NID2,none,none,0.495946519,0.579499971,-0.177590537,-0.153887745,none,none
671,MGRN1,RNF157,none,none,0.501339156,0.753974316,-0.635944947,-0.881452858,none,none
672,RBBP7,RBBP4,none,none,0.505354462,1.181696789,-0.889571303,0.292515545,none,none
673,TMC7,TMC8,none,none,0.51148905,0.143966412,-0.51128746,-0.121188115,none,none
674,LRBA,NBEA,none,none,0.531275565,0.208450684,-0.134328944,0.120127499,none,none
675,SAMD10,SAMD12,none,none,0.543106148,1.271564424,0.230848227,-0.129143558,none,none
676,EIF4E,EIF4E2,none,none,0.56580806,0.217600666,0.82801874,0.876414803,none,none
677,TMEM184B,TMEM184A,none,none,0.637877092,0.578225257,0.644822805,0.683554602,none,none
678,ATP8A1,ATP8A2,Positive,none,0.64606948,1.153251415,0.267054694,0.428282679,unique_late,none
679,LHX6,LHX8,none,none,0.649882761,0.977169357,0.063168608,0.29063677,none,none
680,PRKAR2A,PRKAR2B,none,none,0.720968044,0.176698545,1.303918134,1.012459203,none,none
681,TARS,TARSL2,none,none,0.736534148,0.435375542,0.818401958,1.145048597,none,none
682,RABEP1,RABEP2,Positive,none,0.758736447,1.692518226,-0.091237189,0.009216484,unique_late,none
683,SRSF11,SREK1,none,Positive,0.847739339,0.64679757,1.361713701,1.774024149,none,unique_late
684,NKX2-1,NKX2-4,none,none,0.908929842,0.924037284,0.928388561,0.985134366,none,none
685,CCDC102A,CCDC102B,Positive,none,0.910440847,1.143491804,-0.162500476,-0.281410769,shared,none
686,RABGAP1,RABGAP1L,Positive,none,0.910937598,1.849063962,1.16564986,1.266505338,unique_late,none
687,EIF4A1,EIF4A2,none,Positive,0.958893028,1.242188143,0.862581797,1.536507469,none,unique_early
688,BCL2L1,MCL1,Positive,Negative,1.870040062,2.903193798,-1.158073943,-0.917114967,unique_late,unique_early
