V1,V3,V4,gene1,gene2,hct116.T21.gi.GEMINI,GM.T15.gi.GEMINI,hct116.significant.GEMINI,GM12878.significant.GEMINI
choose,ENSG00000139579,ENSG00000173559,NABP2,NABP1,3.405,4.313,Y,Y
choose,ENSG00000116350,ENSG00000124193,SRSF4,SRSF6,0.712,2.18,Y,Y
choose,ENSG00000121892,ENSG00000083642,PDS5A,PDS5B,1.39,1.821,Y,Y
choose,ENSG00000023445,ENSG00000101966,BIRC3,XIAP,1.137,0.9,Y,N
gi2,ENSG00000175054,ENSG00000164078,ATR,MST1R,0.785,0.968,Y,N
gi1,ENSG00000080503,ENSG00000127616,SMARCA2,SMARCA4,0.498,1.168,N,Y
choose,ENSG00000072864,ENSG00000166579,NDE1,NDEL1,1.081,1.102,Y,Y
choose,ENSG00000164087,ENSG00000139323,POC1A,POC1B,0.768,1.644,Y,Y
gi1,ENSG00000117713,ENSG00000049618,ARID1A,ARID1B,-1.024,1.252,N,Y
choose,ENSG00000152413,ENSG00000051128,HOMER1,HOMER3,0.121,1.217,N,Y
choose,ENSG00000124198,ENSG00000066777,ARFGEF2,ARFGEF1,1.053,1.592,Y,Y
choose,ENSG00000113732,ENSG00000171130,ATP6V0E1,ATP6V0E2,0.972,1.183,Y,Y
choose,ENSG00000221978,ENSG00000163660,CCNL2,CCNL1,0.858,1.145,Y,Y
choose,ENSG00000108591,ENSG00000185721,DRG2,DRG1,1.334,0.758,Y,N
choose,ENSG00000113100,ENSG00000113361,CDH9,CDH6,0.752,0.563,Y,N
gi1,ENSG00000100030,ENSG00000102882,MAPK1,MAPK3,0.767,0.096,Y,N
gi1,ENSG00000169032,ENSG00000126934,MAP2K1,MAP2K2,0.968,0.118,Y,N
choose,ENSG00000147454,ENSG00000155287,SLC25A37,SLC25A28,0.066,0.465,N,N
choose,ENSG00000121390,ENSG00000147140,PSPC1,NONO,0.686,0.578,Y,N
choose,ENSG00000146729,ENSG00000184117,GBAS,NIPSNAP1,0.683,0.188,Y,N
choose,ENSG00000255112,ENSG00000131165,CHMP1B,CHMP1A,0.526,0.286,N,N
gi1,ENSG00000137693,ENSG00000018408,YAP1,WWTR1,0.654,-0.157,N,N
choose,ENSG00000177463,ENSG00000120798,NR2C2,NR2C1,-0.073,-0.214,N,N
choose,ENSG00000145088,ENSG00000144597,EAF2,EAF1,0.612,1.189,N,Y
gi2,ENSG00000011376,ENSG00000132356,LARS2,PRKAA1,-0.415,0.645,N,N
choose,ENSG00000108654,ENSG00000100201,DDX5,DDX17,1.017,0.307,Y,N
choose,ENSG00000140650,ENSG00000100417,PMM2,PMM1,-0.03,1.191,N,Y
choose,ENSG00000250479,ENSG00000106153,CHCHD10,CHCHD2,0.327,1.39,N,Y
choose,ENSG00000171843,ENSG00000130382,MLLT3,MLLT1,0.125,0.691,N,N
choose,ENSG00000116001,ENSG00000151923,TIA1,TIAL1,-1.026,1.084,N,Y
gi2,ENSG00000164045,ENSG00000105851,CDC25A,PIK3CG,-0.376,-0.117,N,N
choose,ENSG00000115145,ENSG00000136738,STAM2,STAM,0.057,0.867,N,N
choose,ENSG00000055609,ENSG00000167548,KMT2C,KMT2D,-1.254,0.813,N,N
choose,ENSG00000136720,ENSG00000185352,HS6ST1,HS6ST3,-0.33,-0.53,N,N
choose,ENSG00000092847,ENSG00000123908,AGO1,AGO2,0.021,0.243,N,N
choose,ENSG00000159592,ENSG00000062194,GPBP1L1,GPBP1,-0.095,0.885,N,N
choose,ENSG00000164440,ENSG00000084652,TXLNB,TXLNA,-0.055,-0.375,N,N
choose,ENSG00000184916,ENSG00000101384,JAG2,JAG1,-0.318,-0.059,N,N
choose,ENSG00000143373,ENSG00000074657,ZNF687,ZNF532,0.309,0.728,N,N
gi1,ENSG00000171552,ENSG00000143384,BCL2L1,MCL1,-1.551,-0.348,N,N
choose,ENSG00000143418,ENSG00000090661,CERS2,CERS4,0.433,0.355,N,N
choose,ENSG00000168003,ENSG00000138079,SLC3A2,SLC3A1,0.161,0.43,N,N
choose,ENSG00000101251,ENSG00000071537,SEL1L2,SEL1L,0.306,0.609,N,N
choose,ENSG00000110711,ENSG00000129221,AIP,AIPL1,0.149,0.419,N,N
choose,ENSG00000141425,ENSG00000101413,RPRD1A,RPRD1B,0.801,1.339,Y,Y
choose,ENSG00000084112,ENSG00000141298,SSH1,SSH2,0.4,1.384,N,Y
choose,ENSG00000092203,ENSG00000103460,TOX4,TOX3,-0.614,1.475,N,Y
choose,ENSG00000120738,ENSG00000179388,EGR1,EGR3,-0.026,1.004,N,Y
choose,ENSG00000180304,ENSG00000104904,OAZ2,OAZ1,-0.589,1.239,N,Y
choose,ENSG00000114859,ENSG00000188037,CLCN2,CLCN1,-0.215,0.476,N,N
gi2,ENSG00000164045,ENSG00000173039,CDC25A,RELA,-0.781,0.362,N,N
choose,ENSG00000118520,ENSG00000081181,ARG1,ARG2,0.196,0.872,N,N
choose,ENSG00000136928,ENSG00000204681,GABBR2,GABBR1,0.011,0.483,N,N
choose,ENSG00000116604,ENSG00000068305,MEF2D,MEF2A,0.016,0.897,N,N
choose,ENSG00000172354,ENSG00000078369,GNB2,GNB1,0.77,-0.123,Y,N
gi2,ENSG00000105486,ENSG00000143799,LIG1,PARP1,1.192,-0.439,Y,N
choose,ENSG00000071575,ENSG00000173334,TRIB2,TRIB1,0.706,0.093,Y,N
choose,ENSG00000082701,ENSG00000105723,GSK3B,GSK3A,0.803,0.671,Y,N
choose,ENSG00000153558,ENSG00000108306,FBXL2,FBXL20,0.895,-0.29,Y,N
choose,ENSG00000014216,ENSG00000092529,CAPN1,CAPN3,0.736,0.49,Y,N
choose,ENSG00000257923,ENSG00000111249,CUX1,CUX2,0.725,0.317,Y,N
choose,ENSG00000100650,ENSG00000124193,SRSF5,SRSF6,-0.172,1.088,N,Y
gi2,ENSG00000115170,ENSG00000149311,ACVR1,ATM,-0.377,1.157,N,Y
gi2,ENSG00000141279,ENSG00000167900,NPEPPS,TK1,-0.365,1.135,N,Y
choose,ENSG00000153404,ENSG00000165801,PLEKHG4B,ARHGEF40,0.34,1.09,N,Y
choose,ENSG00000186283,ENSG00000136816,TOR3A,TOR1B,-0.03,1.347,N,Y
choose,ENSG00000157954,ENSG00000070540,WIPI2,WIPI1,0.207,0.555,N,N
choose,ENSG00000162636,ENSG00000167106,FAM102B,FAM102A,0.151,0.099,N,N
choose,ENSG00000260027,ENSG00000122592,HOXB7,HOXA7,0.273,0.082,N,N
choose,ENSG00000160633,ENSG00000130254,SAFB,SAFB2,0.157,0.163,N,N
choose,ENSG00000143499,ENSG00000115593,SMYD2,SMYD1,0.116,0.27,N,N
choose,ENSG00000108389,ENSG00000100330,MTMR4,MTMR3,0.285,0.593,N,N
choose,ENSG00000047457,ENSG00000089472,CP,HEPH,-0.041,0.2,N,N
choose,ENSG00000036565,ENSG00000165646,SLC18A1,SLC18A2,0.567,0.378,N,N
choose,ENSG00000160953,ENSG00000157502,MUM1,MUM1L1,0.181,0.141,N,N
choose,ENSG00000138767,ENSG00000113300,CNOT6L,CNOT6,-0.07,-0.187,N,N
gi1,ENSG00000148218,ENSG00000105220,ALAD,GPI,0.308,0.693,N,N
choose,ENSG00000131788,ENSG00000033800,PIAS3,PIAS1,0.514,0.856,N,N
choose,ENSG00000144278,ENSG00000141429,GALNT13,GALNT1,-0.003,0.473,N,N
choose,ENSG00000185043,ENSG00000141977,CIB1,CIB3,0.232,0.257,N,N
choose,ENSG00000075711,ENSG00000150672,DLG1,DLG2,0.428,0.042,N,N
choose,ENSG00000150672,ENSG00000132535,DLG2,DLG4,0.22,0.28,N,N
choose,ENSG00000073756,ENSG00000095303,PTGS2,PTGS1,0.229,0.615,N,N
gi2,ENSG00000164045,ENSG00000132356,CDC25A,PRKAA1,-0.766,0.12,N,N
choose,ENSG00000198643,ENSG00000071889,FAM3D,FAM3A,-0.401,0.008,N,N
choose,ENSG00000116704,ENSG00000130958,SLC35D1,SLC35D2,0.407,0.474,N,N
choose,ENSG00000116688,ENSG00000171109,MFN2,MFN1,-0.633,-2.286,N,N
choose,ENSG00000131626,ENSG00000177380,PPFIA1,PPFIA3,-0.146,0.093,N,N
choose,ENSG00000112893,ENSG00000196547,MAN2A1,MAN2A2,0.383,0.212,N,N
choose,ENSG00000114861,ENSG00000128573,FOXP1,FOXP2,-0.017,0.348,N,N
choose,ENSG00000163110,ENSG00000122367,PDLIM5,LDB3,0.357,0.057,N,N
choose,ENSG00000168824,ENSG00000170091,NSG1,NSG2,-0.337,0.525,N,N
choose,ENSG00000069869,ENSG00000049759,NEDD4,NEDD4L,0.179,0.376,N,N
gi2,ENSG00000149311,ENSG00000085511,ATM,MAP3K4,-1.629,0.216,N,N
choose,ENSG00000164715,ENSG00000181409,LMTK2,AATK,0.584,0.029,N,N
choose,ENSG00000081059,ENSG00000148737,TCF7,TCF7L2,0.127,0.059,N,N
gi2,ENSG00000141068,ENSG00000170190,KSR1,SLC16A5,0.338,-0.05,N,N
choose,ENSG00000115183,ENSG00000170921,TANC1,TANC2,0.035,0.047,N,N
choose,ENSG00000120756,ENSG00000102024,PLS1,PLS3,0.104,-0.286,N,N
choose,ENSG00000136167,ENSG00000102024,LCP1,PLS3,0.031,-0.005,N,N
choose,ENSG00000156510,ENSG00000156515,HKDC1,HK1,0.003,0.323,N,N
choose,ENSG00000168591,ENSG00000164897,TMUB2,TMUB1,0.42,0.532,N,N
gi2,ENSG00000068078,ENSG00000115138,FGFR3,POMC,0.174,-0.29,N,N
choose,ENSG00000071282,ENSG00000135269,LMCD1,TES,-0.117,0.05,N,N
choose,ENSG00000131779,ENSG00000166821,PEX11B,PEX11A,0.12,-0.242,N,N
choose,ENSG00000114544,ENSG00000133065,SLC41A3,SLC41A1,0.326,0.657,N,N
choose,ENSG00000185122,ENSG00000102878,HSF1,HSF4,-0.257,0.14,N,N
choose,ENSG00000169062,ENSG00000125351,UPF3A,UPF3B,-0.783,0.727,N,N
choose,ENSG00000092607,ENSG00000112837,TBX15,TBX18,-0.024,0.301,N,N
choose,ENSG00000039560,ENSG00000137831,RAI14,UACA,-0.067,-0.202,N,N
choose,ENSG00000026652,ENSG00000160216,AGPAT4,AGPAT3,0.432,0.191,N,N
choose,ENSG00000048052,ENSG00000108840,HDAC9,HDAC5,-0.022,-0.238,N,N
choose,ENSG00000058799,ENSG00000130733,YIPF1,YIPF2,0.517,0.88,N,N
choose,ENSG00000144407,ENSG00000160801,PTH2R,PTH1R,0.127,-0.124,N,N
choose,ENSG00000174851,ENSG00000167645,YIF1A,YIF1B,0.638,0.131,N,N
choose,ENSG00000184500,ENSG00000183087,PROS1,GAS6,-0.23,-0.557,N,N
choose,ENSG00000073792,ENSG00000159217,IGF2BP2,IGF2BP1,-0.15,0.406,N,N
choose,ENSG00000181333,ENSG00000089472,HEPHL1,HEPH,0.171,0.531,N,N
choose,ENSG00000088280,ENSG00000151693,ASAP3,ASAP2,0.101,0.573,N,N
choose,ENSG00000187239,ENSG00000125733,FNBP1,TRIP10,0.45,0.369,N,N
choose,ENSG00000185344,ENSG00000033627,ATP6V0A2,ATP6V0A1,0.422,0.74,N,N
choose,ENSG00000076513,ENSG00000198720,ANKRD13A,ANKRD13B,-0.111,-0.477,N,N
choose,ENSG00000178075,ENSG00000089351,GRAMD1C,GRAMD1A,-0.024,0.228,N,N
choose,ENSG00000158195,ENSG00000132970,WASF2,WASF3,-0.006,0.355,N,N
choose,ENSG00000121316,ENSG00000151176,PLBD1,PLBD2,0.569,0.178,N,N
choose,ENSG00000102317,ENSG00000099622,RBM3,CIRBP,0.103,0.238,N,N
choose,ENSG00000048991,ENSG00000179912,R3HDM1,R3HDM2,0.111,0.755,N,N
choose,ENSG00000118217,ENSG00000213676,ATF6,ATF6B,0.087,0.354,N,N
gi2,ENSG00000186204,ENSG00000130758,CYP4F12,MAP3K10,0.28,0.443,N,N
choose,ENSG00000164105,ENSG00000164576,SAP30,SAP30L,-0.491,-0.014,N,N
choose,ENSG00000065675,ENSG00000163932,PRKCQ,PRKCD,0.033,-0.092,N,N
choose,ENSG00000115520,ENSG00000135469,COQ10B,COQ10A,-0.222,0.37,N,N
choose,ENSG00000179348,ENSG00000107485,GATA2,GATA3,-0.203,0.127,N,N
choose,ENSG00000183690,ENSG00000096093,EFHC2,EFHC1,-0.072,0.068,N,N
choose,ENSG00000179044,ENSG00000130201,EXOC3L1,EXOC3L2,0.369,0.488,N,N
choose,ENSG00000148358,ENSG00000125734,GPR107,GPR108,0.289,0.524,N,N
gi2,ENSG00000164045,ENSG00000197122,CDC25A,SRC,-0.293,0.767,N,N
choose,ENSG00000095585,ENSG00000043462,BLNK,LCP2,-0.2,0.171,N,N
choose,ENSG00000084676,ENSG00000140396,NCOA1,NCOA2,0.079,0.486,N,N
choose,ENSG00000022567,ENSG00000162426,SLC45A4,SLC45A1,0.06,0.029,N,N
choose,ENSG00000184254,ENSG00000128918,ALDH1A3,ALDH1A2,0.187,0.272,N,N
choose,ENSG00000187554,ENSG00000137462,TLR5,TLR2,0.331,0.157,N,N
choose,ENSG00000134343,ENSG00000177119,ANO3,ANO6,-0.015,0.357,N,N
choose,ENSG00000213983,ENSG00000166747,AP1G2,AP1G1,0.177,0.063,N,N
choose,ENSG00000152642,ENSG00000167588,GPD1L,GPD1,0.347,0.234,N,N
choose,ENSG00000205744,ENSG00000213047,DENND1C,DENND1B,-0.067,0.263,N,N
choose,ENSG00000120738,ENSG00000122877,EGR1,EGR2,0.114,0.784,N,N
choose,ENSG00000204311,ENSG00000105928,DFNB59,DFNA5,0.2,-0.178,N,N
choose,ENSG00000114378,ENSG00000106302,HYAL1,HYAL4,-0.003,-0.119,N,N
choose,ENSG00000157110,ENSG00000166831,RBPMS,RBPMS2,-0.19,0.256,N,N
choose,ENSG00000198722,ENSG00000137766,UNC13B,UNC13C,-0.113,0.065,N,N
choose,ENSG00000115808,ENSG00000090372,STRN,STRN4,-0.21,0.037,N,N
choose,ENSG00000120910,ENSG00000138814,PPP3CC,PPP3CA,0.343,-0.229,N,N
choose,ENSG00000197943,ENSG00000124181,PLCG2,PLCG1,0.078,0.266,N,N
choose,ENSG00000137177,ENSG00000197892,KIF13A,KIF13B,-0.286,-0.032,N,N
gi2,ENSG00000123374,ENSG00000137764,CDK2,MAP2K5,-1.796,0.239,N,N
choose,ENSG00000214063,ENSG00000011105,TSPAN4,TSPAN9,0.243,0.077,N,N
choose,ENSG00000147364,ENSG00000156804,FBXO25,FBXO32,0.069,-0.072,N,N
choose,ENSG00000159086,ENSG00000005436,PAXBP1,GCFC2,-0.379,-0.447,N,N
choose,ENSG00000158863,ENSG00000151553,FAM160B2,FAM160B1,0.389,0.263,N,N
gi1,ENSG00000137193,ENSG00000102096,PIM1,PIM2,-0.317,0.252,N,N
choose,ENSG00000068079,ENSG00000123609,IFI35,NMI,0.021,0.213,N,N
choose,ENSG00000140443,ENSG00000171105,IGF1R,INSR,-0.884,-0.305,N,N
choose,ENSG00000109436,ENSG00000133138,TBC1D9,TBC1D8B,0.281,0.235,N,N
choose,ENSG00000150054,ENSG00000161647,MPP7,MPP3,0.199,0.171,N,N
choose,ENSG00000111859,ENSG00000050820,NEDD9,BCAR1,-0.438,-0.282,N,N
choose,ENSG00000179715,ENSG00000132635,PCED1B,PCED1A,0.19,-0.104,N,N
choose,ENSG00000161405,ENSG00000185811,IKZF3,IKZF1,0.007,-0.06,N,N
gi2,ENSG00000186204,ENSG00000197122,CYP4F12,SRC,0.067,0.228,N,N
choose,ENSG00000117625,ENSG00000167771,RCOR3,RCOR2,0.579,-0.243,N,N
choose,ENSG00000033800,ENSG00000078043,PIAS1,PIAS2,0.336,0.808,N,N
choose,ENSG00000104863,ENSG00000148943,LIN7B,LIN7C,0.309,-0.195,N,N
choose,ENSG00000163155,ENSG00000140280,LYSMD1,LYSMD2,0.179,-0.3,N,N
choose,ENSG00000033122,ENSG00000112851,LRRC7,ERBB2IP,0.028,-0.231,N,N
choose,ENSG00000170537,ENSG00000167895,TMC7,TMC8,0.199,0.845,N,N
choose,ENSG00000089163,ENSG00000124523,SIRT4,SIRT5,-0.13,0.333,N,N
choose,ENSG00000153898,ENSG00000090674,MCOLN2,MCOLN1,0.08,0.879,N,N
choose,ENSG00000135250,ENSG00000184343,SRPK2,SRPK3,0.14,0.305,N,N
choose,ENSG00000102890,ENSG00000062598,ELMO3,ELMO2,-0.086,0.074,N,N
choose,ENSG00000168300,ENSG00000203880,PCMTD1,PCMTD2,0.009,0.043,N,N
choose,ENSG00000163141,ENSG00000140299,BNIPL,BNIP2,0.305,0.336,N,N
choose,ENSG00000105397,ENSG00000105639,TYK2,JAK3,0.204,0.13,N,N
choose,ENSG00000108984,ENSG00000034152,MAP2K6,MAP2K3,-1.065,0.05,N,N
choose,ENSG00000157077,ENSG00000039319,ZFYVE9,ZFYVE16,-0.182,-0.467,N,N
choose,ENSG00000185015,ENSG00000133742,CA13,CA1,0.054,-0.275,N,N
choose,ENSG00000144655,ENSG00000110925,CSRNP1,CSRNP2,0.407,0.211,N,N
choose,ENSG00000082126,ENSG00000161647,MPP4,MPP3,-0.097,-0.214,N,N
choose,ENSG00000182263,ENSG00000132436,FIGN,FIGNL1,-0.071,0.153,N,N
choose,ENSG00000177469,ENSG00000168497,PTRF,SDPR,0.05,0.138,N,N
choose,ENSG00000137269,ENSG00000180900,LRRC1,SCRIB,-0.466,0.073,N,N
choose,ENSG00000138685,ENSG00000075388,FGF2,FGF4,-0.039,0.013,N,N
gi2,ENSG00000164045,ENSG00000009724,CDC25A,MASP2,-0.74,0.047,N,N
choose,ENSG00000138640,ENSG00000148541,FAM13A,FAM13C,0.089,0.118,N,N
choose,ENSG00000054523,ENSG00000130294,KIF1B,KIF1A,-0.265,0.341,N,N
choose,ENSG00000133703,ENSG00000126458,KRAS,RRAS,-0.918,0.021,N,N
gi1,ENSG00000039068,ENSG00000062038,CDH1,CDH3,-0.218,-0.137,N,N
choose,ENSG00000132849,ENSG00000107186,INADL,MPDZ,-0.091,0.136,N,N
choose,ENSG00000111785,ENSG00000177963,RIC8B,RIC8A,0.312,-0.313,N,N
choose,ENSG00000179456,ENSG00000185670,ZBTB18,ZBTB3,0.126,0.233,N,N
choose,ENSG00000141127,ENSG00000161542,PRPSAP2,PRPSAP1,0.425,0.236,N,N
choose,ENSG00000132510,ENSG00000183878,KDM6B,UTY,0.013,0.16,N,N
choose,ENSG00000134318,ENSG00000067900,ROCK2,ROCK1,-0.573,0.365,N,N
choose,ENSG00000151729,ENSG00000169100,SLC25A4,SLC25A6,0.058,0.2,N,N
gi2,ENSG00000105552,ENSG00000213316,BCAT2,LTC4S,0.085,-0.022,N,N
choose,ENSG00000111713,ENSG00000104812,GYS2,GYS1,0.234,0.23,N,N
choose,ENSG00000173230,ENSG00000102189,GOLGB1,EEA1,0.14,-0.246,N,N
choose,ENSG00000136144,ENSG00000136161,RCBTB1,RCBTB2,-0.051,-0.069,N,N
choose,ENSG00000131504,ENSG00000139734,DIAPH1,DIAPH3,0.046,0.291,N,N
choose,ENSG00000168502,ENSG00000149639,SOGA2,SOGA1,0.296,-0.087,N,N
choose,ENSG00000185658,ENSG00000165288,BRWD1,BRWD3,-0.081,-0.052,N,N
choose,ENSG00000111907,ENSG00000076554,TPD52L1,TPD52,-0.091,-0.175,N,N
choose,ENSG00000052723,ENSG00000111790,SIKE1,FGFR1OP2,0.178,0.335,N,N
choose,ENSG00000184014,ENSG00000170456,DENND5A,DENND5B,-0.006,0.165,N,N
choose,ENSG00000164070,ENSG00000170606,HSPA4L,HSPA4,-0.437,0.072,N,N
choose,ENSG00000163637,ENSG00000012211,PRICKLE2,PRICKLE3,0.007,0.294,N,N
choose,ENSG00000136854,ENSG00000076944,STXBP1,STXBP2,-0.095,0.018,N,N
choose,ENSG00000095794,ENSG00000123268,CREM,ATF1,0.154,-0.614,N,N
choose,ENSG00000172292,ENSG00000139624,CERS6,CERS5,-0.395,-0.04,N,N
choose,ENSG00000131650,ENSG00000183762,KREMEN2,KREMEN1,0.409,0.67,N,N
choose,ENSG00000169490,ENSG00000184277,TM2D2,TM2D3,0.101,0.12,N,N
choose,ENSG00000162616,ENSG00000132002,DNAJB4,DNAJB1,0.119,0.045,N,N
gi2,ENSG00000182866,ENSG00000009724,LCK,MASP2,0.029,0.044,N,N
choose,ENSG00000133812,ENSG00000100241,SBF2,SBF1,0.532,-0.026,N,N
choose,ENSG00000143674,ENSG00000130758,MLK4,MAP3K10,0.057,0.182,N,N
choose,ENSG00000077454,ENSG00000136141,LRCH4,LRCH1,-0.226,-0.407,N,N
choose,ENSG00000185896,ENSG00000005893,LAMP1,LAMP2,0.039,0.256,N,N
choose,ENSG00000074211,ENSG00000156475,PPP2R2C,PPP2R2B,0.158,-0.119,N,N
choose,ENSG00000198478,ENSG00000131171,SH3BGRL2,SH3BGRL,0.072,0.109,N,N
gi2,ENSG00000002726,ENSG00000158571,AOC1,PFKFB1,0.05,-0.045,N,N
choose,ENSG00000159346,ENSG00000006831,ADIPOR1,ADIPOR2,0.141,0.49,N,N
choose,ENSG00000005059,ENSG00000156026,CCDC109B,MCU,-0.001,-0.078,N,N
choose,ENSG00000092969,ENSG00000105329,TGFB2,TGFB1,-0.199,0.729,N,N
choose,ENSG00000170234,ENSG00000171813,PWWP2A,PWWP2B,-0.172,-0.345,N,N
choose,ENSG00000158006,ENSG00000146070,PAFAH2,PLA2G7,-0.063,-0.035,N,N
choose,ENSG00000083123,ENSG00000168291,BCKDHB,PDHB,-0.069,-0.132,N,N
choose,ENSG00000149256,ENSG00000009694,TENM4,TENM1,0.227,0.019,N,N
choose,ENSG00000138668,ENSG00000197451,HNRNPD,HNRNPAB,-0.398,0.297,N,N
choose,ENSG00000089723,ENSG00000167770,OTUB2,OTUB1,0.27,0.264,N,N
choose,ENSG00000101844,ENSG00000168397,ATG4A,ATG4B,0.019,0.179,N,N
choose,ENSG00000172164,ENSG00000101400,SNTB1,SNTA1,-0.302,-0.05,N,N
choose,ENSG00000142687,ENSG00000137261,KIAA0319L,KIAA0319,-0.154,-0.052,N,N
choose,ENSG00000118263,ENSG00000067082,KLF7,KLF6,0.132,-0.127,N,N
choose,ENSG00000140983,ENSG00000126858,RHOT2,RHOT1,0.629,0.279,N,N
gi2,ENSG00000105220,ENSG00000183648,GPI,NDUFB1,0.04,0.164,N,N
choose,ENSG00000198018,ENSG00000197217,ENTPD7,ENTPD4,0.332,-0.182,N,N
gi2,ENSG00000167258,ENSG00000141736,CDK12,ERBB2,0.306,-0.512,N,N
choose,ENSG00000145248,ENSG00000125255,SLC10A4,SLC10A2,-0.033,0.126,N,N
choose,ENSG00000170837,ENSG00000164604,GPR27,GPR85,0.27,0.54,N,N
choose,ENSG00000121775,ENSG00000176142,TMEM39B,TMEM39A,-0.032,0.147,N,N
choose,ENSG00000135916,ENSG00000136156,ITM2C,ITM2B,0.188,0.28,N,N
choose,ENSG00000152518,ENSG00000185650,ZFP36L2,ZFP36L1,-0.29,0.137,N,N
choose,ENSG00000096433,ENSG00000123104,ITPR3,ITPR2,0.132,0.009,N,N
gi2,ENSG00000196411,ENSG00000149177,EPHB4,PTPRJ,0.376,0.212,N,N
choose,ENSG00000143753,ENSG00000168350,DEGS1,DEGS2,-0.05,0.276,N,N
gi2,ENSG00000105221,ENSG00000167258,AKT2,CDK12,0.169,-0.299,N,N
choose,ENSG00000153046,ENSG00000166446,CDYL,CDYL2,-0.056,-0.25,N,N
choose,ENSG00000163935,ENSG00000198879,SFMBT1,SFMBT2,-0.01,-0.049,N,N
choose,ENSG00000131023,ENSG00000150457,LATS1,LATS2,0.194,0,N,N
choose,ENSG00000130045,ENSG00000171773,NXNL2,NXNL1,-0.127,0.111,N,N
choose,ENSG00000177106,ENSG00000151491,EPS8L2,EPS8,-0.044,0.067,N,N
choose,ENSG00000091073,ENSG00000135144,DTX2,DTX1,-0.105,0.157,N,N
choose,ENSG00000087510,ENSG00000137203,TFAP2C,TFAP2A,0.287,0.153,N,N
choose,ENSG00000066933,ENSG00000099331,MYO9A,MYO9B,-0.041,0.074,N,N
choose,ENSG00000149557,ENSG00000171055,FEZ1,FEZ2,-0.298,-0.147,N,N
choose,ENSG00000175445,ENSG00000101670,LPL,LIPG,0.127,0.3,N,N
gi2,ENSG00000051382,ENSG00000167900,PIK3CB,TK1,0.011,0.215,N,N
gi2,ENSG00000119535,ENSG00000133056,CSF3R,PIK3C2B,0.093,0.281,N,N
choose,ENSG00000138378,ENSG00000168610,STAT4,STAT3,0.047,0.195,N,N
choose,ENSG00000144283,ENSG00000169862,PKP4,CTNND2,-0.038,-0.136,N,N
choose,ENSG00000152601,ENSG00000139793,MBNL1,MBNL2,-0.614,0.55,N,N
choose,ENSG00000124232,ENSG00000168214,RBPJL,RBPJ,-0.018,0.664,N,N
gi2,ENSG00000130758,ENSG00000105641,MAP3K10,SLC5A5,0.179,0.327,N,N
choose,ENSG00000170689,ENSG00000180806,HOXB9,HOXC9,-0.573,0.118,N,N
gi2,ENSG00000130758,ENSG00000115138,MAP3K10,POMC,0.128,0.381,N,N
choose,ENSG00000144290,ENSG00000033867,SLC4A10,SLC4A7,-0.463,0.155,N,N
choose,ENSG00000172803,ENSG00000129515,SNX32,SNX6,0.043,0.166,N,N
choose,ENSG00000137075,ENSG00000146083,RNF38,RNF44,0.074,0.437,N,N
choose,ENSG00000196911,ENSG00000025800,KPNA5,KPNA6,0.171,-0.022,N,N
choose,ENSG00000080298,ENSG00000087903,RFX3,RFX2,-0.002,-0.069,N,N
gi2,ENSG00000205309,ENSG00000167900,NT5M,TK1,-0.025,0.052,N,N
choose,ENSG00000114416,ENSG00000102081,FXR1,FMR1,0.029,0.003,N,N
choose,ENSG00000116044,ENSG00000082641,NFE2L2,NFE2L1,0.091,-0.041,N,N
choose,ENSG00000158161,ENSG00000112319,EYA3,EYA4,0.288,-0.036,N,N
choose,ENSG00000169604,ENSG00000163297,ANTXR1,ANTXR2,0.056,0.294,N,N
choose,ENSG00000116977,ENSG00000133317,LGALS8,LGALS12,-0.024,0.012,N,N
choose,ENSG00000105866,ENSG00000167182,SP4,SP2,0.071,0.016,N,N
choose,ENSG00000116117,ENSG00000148498,PARD3B,PARD3,0.655,0.305,N,N
gi2,ENSG00000139567,ENSG00000135409,ACVRL1,AMHR2,-0.082,0.166,N,N
choose,ENSG00000154227,ENSG00000143418,CERS3,CERS2,-0.094,0.867,N,N
choose,ENSG00000162599,ENSG00000147862,NFIA,NFIB,-0.063,0.109,N,N
choose,ENSG00000198742,ENSG00000108854,SMURF1,SMURF2,-0.011,0.498,N,N
choose,ENSG00000160145,ENSG00000038382,KALRN,TRIO,0.136,0.318,N,N
choose,ENSG00000147535,ENSG00000203805,PPAPDC1B,PPAPDC1A,0.193,-0.273,N,N
choose,ENSG00000103042,ENSG00000166558,SLC38A7,SLC38A8,0.079,0.2,N,N
gi2,ENSG00000105220,ENSG00000105851,GPI,PIK3CG,-0.121,-0.512,N,N
choose,ENSG00000100376,ENSG00000197798,FAM118A,FAM118B,-0.025,0.021,N,N
choose,ENSG00000131914,ENSG00000187772,LIN28A,LIN28B,0.098,-0.162,N,N
choose,ENSG00000149212,ENSG00000080546,SESN3,SESN1,0.101,-0.209,N,N
gi2,ENSG00000100033,ENSG00000128311,PRODH,TST,0.561,0.376,N,N
choose,ENSG00000135119,ENSG00000189050,RNFT2,RNFT1,-0.053,-0.227,N,N
choose,ENSG00000103365,ENSG00000125447,GGA2,GGA3,0.334,0.261,N,N
choose,ENSG00000122557,ENSG00000051108,HERPUD2,HERPUD1,0.177,0.198,N,N
choose,ENSG00000148935,ENSG00000139354,GAS2,GAS2L3,0.124,0.482,N,N
choose,ENSG00000110880,ENSG00000167549,CORO1C,CORO6,0.244,0.876,N,N
choose,ENSG00000100968,ENSG00000072736,NFATC4,NFATC3,0.097,0.681,N,N
choose,ENSG00000144746,ENSG00000243279,ARL6IP5,PRAF2,-0.16,-0.082,N,N
gi1,ENSG00000135446,ENSG00000105810,CDK4,CDK6,0.22,-0.324,N,N
choose,ENSG00000132326,ENSG00000179094,PER2,PER1,0.236,0.132,N,N
choose,ENSG00000069424,ENSG00000169282,KCNAB2,KCNAB1,-0.05,0.294,N,N
choose,ENSG00000109790,ENSG00000102271,KLHL5,KLHL4,-0.055,0.447,N,N
choose,ENSG00000090905,ENSG00000100354,TNRC6A,TNRC6B,0.298,0.141,N,N
choose,ENSG00000148832,ENSG00000088826,PAOX,SMOX,-0.457,0.095,N,N
choose,ENSG00000135686,ENSG00000167487,KLHL36,KLHL26,-0.406,0.106,N,N
choose,ENSG00000187800,ENSG00000145794,PEAR1,MEGF10,-0.089,0.819,N,N
choose,ENSG00000138795,ENSG00000081059,LEF1,TCF7,0.248,0.197,N,N
choose,ENSG00000077157,ENSG00000058272,PPP1R12B,PPP1R12A,-1.717,-0.693,N,N
gi2,ENSG00000139626,ENSG00000076984,ITGB7,MAP2K7,-0.355,0.041,N,N
choose,ENSG00000115694,ENSG00000134602,STK25,MST4,-0.158,-0.102,N,N
choose,ENSG00000142765,ENSG00000164674,SYTL1,SYTL3,0.335,0.755,N,N
choose,ENSG00000086015,ENSG00000105613,MAST2,MAST1,0.234,0.299,N,N
choose,ENSG00000141052,ENSG00000196588,MYOCD,MKL1,0.033,0.15,N,N
choose,ENSG00000136141,ENSG00000130224,LRCH1,LRCH2,0.128,-0.018,N,N
choose,ENSG00000112273,ENSG00000143321,HDGFL1,HDGF,0.437,-0.253,N,N
choose,ENSG00000163132,ENSG00000120149,MSX1,MSX2,-0.078,0.132,N,N
choose,ENSG00000178177,ENSG00000196233,LCORL,LCOR,0.311,0.202,N,N
choose,ENSG00000150995,ENSG00000123104,ITPR1,ITPR2,0.005,0.345,N,N
choose,ENSG00000123124,ENSG00000078747,WWP1,ITCH,0.279,0.432,N,N
choose,ENSG00000141200,ENSG00000068796,KIF2B,KIF2A,-0.167,0.766,N,N
choose,ENSG00000175040,ENSG00000122863,CHST2,CHST3,-0.188,-0.126,N,N
choose,ENSG00000008256,ENSG00000100055,CYTH3,CYTH4,-0.123,0.28,N,N
choose,ENSG00000144426,ENSG00000160796,NBEAL1,NBEAL2,-0.093,0.101,N,N
choose,ENSG00000157399,ENSG00000006756,ARSE,ARSD,-0.187,-0.212,N,N
choose,ENSG00000100852,ENSG00000160007,ARHGAP5,ARHGAP35,-0.067,0.156,N,N
choose,ENSG00000136068,ENSG00000128591,FLNB,FLNC,-0.107,0.585,N,N
gi2,ENSG00000100823,ENSG00000143799,APEX1,PARP1,0.481,0.23,N,N
choose,ENSG00000213928,ENSG00000140968,IRF9,IRF8,-0.213,0.153,N,N
gi2,ENSG00000052344,ENSG00000176170,PRSS8,SPHK1,-0.08,0.347,N,N
choose,ENSG00000143515,ENSG00000081923,ATP8B2,ATP8B1,0.026,-0.743,N,N
choose,ENSG00000163874,ENSG00000102053,ZC3H12A,ZC3H12B,0.02,-0.181,N,N
choose,ENSG00000070915,ENSG00000064651,SLC12A3,SLC12A2,-0.067,0.125,N,N
choose,ENSG00000114378,ENSG00000106304,HYAL1,SPAM1,0.166,0.309,N,N
choose,ENSG00000187848,ENSG00000135124,P2RX2,P2RX4,-0.005,-0.131,N,N
choose,ENSG00000120899,ENSG00000169398,PTK2B,PTK2,-0.282,-0.22,N,N
choose,ENSG00000187672,ENSG00000082805,ERC2,ERC1,-0.151,0.006,N,N
choose,ENSG00000143457,ENSG00000113384,GOLPH3L,GOLPH3,0.009,-0.727,N,N
choose,ENSG00000152214,ENSG00000143622,RIT2,RIT1,0.016,0.077,N,N
choose,ENSG00000119977,ENSG00000204852,TCTN3,TCTN1,0.064,0.021,N,N
gi2,ENSG00000162733,ENSG00000167900,DDR2,TK1,-0.054,0.119,N,N
choose,ENSG00000117139,ENSG00000073614,KDM5B,KDM5A,-0.144,0.174,N,N
choose,ENSG00000198915,ENSG00000138670,RASGEF1A,RASGEF1B,0.178,-0.206,N,N
choose,ENSG00000196782,ENSG00000161021,MAML3,MAML1,0.101,0.636,N,N
gi2,ENSG00000123454,ENSG00000171608,DBH,PIK3CD,0.157,0.08,N,N
choose,ENSG00000181350,ENSG00000178026,FAM211A,FAM211B,-0.058,0.124,N,N
choose,ENSG00000171759,ENSG00000139287,PAH,TPH2,0.04,-0.159,N,N
choose,ENSG00000007038,ENSG00000187045,PRSS21,TMPRSS6,-0.161,0.244,N,N
choose,ENSG00000154027,ENSG00000106992,AK5,AK1,-0.112,0.302,N,N
choose,ENSG00000197217,ENSG00000138185,ENTPD4,ENTPD1,-0.113,0.084,N,N
choose,ENSG00000075618,ENSG00000186765,FSCN1,FSCN2,0.018,-0.019,N,N
choose,ENSG00000123836,ENSG00000170525,PFKFB2,PFKFB3,-0.1,0.37,N,N
choose,ENSG00000100888,ENSG00000177200,CHD8,CHD9,-0.457,-0.803,N,N
choose,ENSG00000117519,ENSG00000130176,CNN3,CNN1,-0.097,0.241,N,N
choose,ENSG00000180488,ENSG00000148343,FAM73A,FAM73B,0.252,-0.232,N,N
choose,ENSG00000198265,ENSG00000130589,HELZ,HELZ2,0.041,-0.137,N,N
choose,ENSG00000132535,ENSG00000082458,DLG4,DLG3,0.012,0.133,N,N
choose,ENSG00000172046,ENSG00000102226,USP19,USP11,-0.57,-0.116,N,N
choose,ENSG00000143033,ENSG00000119403,MTF2,PHF19,0.506,-0.056,N,N
gi2,ENSG00000167258,ENSG00000141068,CDK12,KSR1,0.211,-0.664,N,N
choose,ENSG00000115641,ENSG00000022267,FHL2,FHL1,0.116,0.254,N,N
choose,ENSG00000106052,ENSG00000012822,TAX1BP1,CALCOCO1,0.582,0.247,N,N
choose,ENSG00000104723,ENSG00000102158,TUSC3,MAGT1,0.076,-0.074,N,N
choose,ENSG00000135749,ENSG00000100731,PCNXL2,PCNX,0.217,-0.018,N,N
choose,ENSG00000150995,ENSG00000096433,ITPR1,ITPR3,0.127,0.122,N,N
choose,ENSG00000158106,ENSG00000131941,RHPN1,RHPN2,0.161,0.325,N,N
choose,ENSG00000121988,ENSG00000163104,ZRANB3,SMARCAD1,-0.103,-0.418,N,N
choose,ENSG00000163625,ENSG00000128815,WDFY3,WDFY4,0.083,0.416,N,N
choose,ENSG00000175938,ENSG00000182500,ORAI3,ORAI1,0.445,0.688,N,N
choose,ENSG00000152061,ENSG00000011454,RABGAP1L,RABGAP1,0.105,0.386,N,N
choose,ENSG00000175602,ENSG00000205476,CCDC85B,CCDC85C,0.067,-0.164,N,N
choose,ENSG00000106003,ENSG00000169733,LFNG,RFNG,-0.341,0.171,N,N
gi2,ENSG00000164045,ENSG00000253729,CDC25A,PRKDC,-0.621,-0.157,N,N
choose,ENSG00000100320,ENSG00000078328,RBFOX2,RBFOX1,0.499,0.699,N,N
choose,ENSG00000175048,ENSG00000204160,ZDHHC14,ZDHHC18,0.017,-0.146,N,N
choose,ENSG00000166949,ENSG00000175387,SMAD3,SMAD2,-0.028,-0.01,N,N
choose,ENSG00000129682,ENSG00000102466,FGF13,FGF14,-0.143,-0.409,N,N
choose,ENSG00000141485,ENSG00000158296,SLC13A5,SLC13A3,-0.107,0.363,N,N
choose,ENSG00000198400,ENSG00000148053,NTRK1,NTRK2,0.178,-0.04,N,N
choose,ENSG00000114021,ENSG00000158793,NIT2,NIT1,-0.133,0.436,N,N
choose,ENSG00000085117,ENSG00000011105,CD82,TSPAN9,0.219,0.067,N,N
choose,ENSG00000131389,ENSG00000132164,SLC6A6,SLC6A11,-0.053,0.121,N,N
choose,ENSG00000175040,ENSG00000147119,CHST2,CHST7,-0.205,-0.165,N,N
choose,ENSG00000100644,ENSG00000124440,HIF1A,HIF3A,-0.06,0.518,N,N
choose,ENSG00000143554,ENSG00000140284,SLC27A3,SLC27A2,0.198,-0.122,N,N
choose,ENSG00000162924,ENSG00000104856,REL,RELB,-0.002,-0.167,N,N
choose,ENSG00000116044,ENSG00000123405,NFE2L2,NFE2,-0.159,-0.237,N,N
choose,ENSG00000158769,ENSG00000154721,F11R,JAM2,-0.012,0.717,N,N
choose,ENSG00000113763,ENSG00000107731,UNC5A,UNC5B,0.038,0.124,N,N
choose,ENSG00000183856,ENSG00000140575,IQGAP3,IQGAP1,0.29,0.737,N,N
choose,ENSG00000072518,ENSG00000075413,MARK2,MARK3,-0.255,0.42,N,N
choose,ENSG00000137573,ENSG00000135677,SULF1,GNS,0.164,-0.049,N,N
choose,ENSG00000134686,ENSG00000173889,PHC2,PHC3,-0.412,0.05,N,N
choose,ENSG00000103260,ENSG00000176845,METRN,METRNL,0.121,-0.021,N,N
choose,ENSG00000121957,ENSG00000160360,GPSM2,GPSM1,0.105,-0.344,N,N
choose,ENSG00000104689,ENSG00000120889,TNFRSF10A,TNFRSF10B,-0.801,0.268,N,N
choose,ENSG00000157191,ENSG00000089818,NECAP2,NECAP1,0.078,0.28,N,N
choose,ENSG00000175928,ENSG00000173114,LRRN1,LRRN3,0.115,0.115,N,N
choose,ENSG00000140961,ENSG00000164823,OSGIN1,OSGIN2,-0.061,0.148,N,N
choose,ENSG00000107295,ENSG00000141985,SH3GL2,SH3GL1,-0.054,0.24,N,N
gi2,ENSG00000107968,ENSG00000100156,MAP3K8,SLC16A8,-0.15,-0.001,N,N
choose,ENSG00000135124,ENSG00000108405,P2RX4,P2RX1,-0.017,-0.1,N,N
choose,ENSG00000146247,ENSG00000185658,PHIP,BRWD1,0.348,0.403,N,N
choose,ENSG00000066084,ENSG00000160305,DIP2B,DIP2A,0.409,0.179,N,N
choose,ENSG00000175592,ENSG00000170345,FOSL1,FOS,0.042,0.318,N,N
choose,ENSG00000149930,ENSG00000160551,TAOK2,TAOK1,0.295,0.258,N,N
choose,ENSG00000143630,ENSG00000099822,HCN3,HCN2,-0.063,0.179,N,N
gi2,ENSG00000182866,ENSG00000076984,LCK,MAP2K7,-0.384,-0.166,N,N
choose,ENSG00000175215,ENSG00000144677,CTDSP2,CTDSPL,-0.32,-0.378,N,N
choose,ENSG00000119946,ENSG00000148842,CNNM1,CNNM2,0.086,-0.067,N,N
choose,ENSG00000168026,ENSG00000123607,TTC21A,TTC21B,0.082,0.263,N,N
gi2,ENSG00000131471,ENSG00000185633,AOC3,NDUFA4L2,0.165,-0.151,N,N
choose,ENSG00000109381,ENSG00000102034,ELF2,ELF4,-0.333,0.253,N,N
choose,ENSG00000164841,ENSG00000125895,TMEM74,TMEM74B,0.017,-0.052,N,N
choose,ENSG00000163113,ENSG00000118503,OTUD7B,TNFAIP3,0.016,-0.045,N,N
choose,ENSG00000174373,ENSG00000188559,RALGAPA1,RALGAPA2,-0.677,0.027,N,N
choose,ENSG00000168092,ENSG00000079462,PAFAH1B2,PAFAH1B3,0.099,0.302,N,N
choose,ENSG00000103653,ENSG00000007264,CSK,MATK,-0.079,-0.919,N,N
choose,ENSG00000198799,ENSG00000139263,LRIG2,LRIG3,-0.048,0.495,N,N
choose,ENSG00000158711,ENSG00000126767,ELK4,ELK1,0.323,-0.114,N,N
choose,ENSG00000115556,ENSG00000187091,PLCD4,PLCD1,-0.015,-0.144,N,N
choose,ENSG00000136636,ENSG00000160410,KCTD3,SHKBP1,-0.179,-0.076,N,N
choose,ENSG00000116266,ENSG00000136854,STXBP3,STXBP1,0.036,-0.013,N,N
choose,ENSG00000184672,ENSG00000125970,RALYL,RALY,-0.012,-0.187,N,N
gi2,ENSG00000131471,ENSG00000133056,AOC3,PIK3C2B,0.272,0.158,N,N
choose,ENSG00000112183,ENSG00000132819,RBM24,RBM38,-0.281,-0.117,N,N
choose,ENSG00000102078,ENSG00000174032,SLC25A14,SLC25A30,-0.172,0.238,N,N
choose,ENSG00000164180,ENSG00000064545,TMEM161B,TMEM161A,0.157,0.459,N,N
choose,ENSG00000065135,ENSG00000114353,GNAI3,GNAI2,-0.47,0.345,N,N
choose,ENSG00000137076,ENSG00000171914,TLN1,TLN2,-0.378,0.376,N,N
choose,ENSG00000119684,ENSG00000064933,MLH3,PMS1,0.008,0.177,N,N
choose,ENSG00000115317,ENSG00000170801,HTRA2,HTRA3,-0.127,0.106,N,N
choose,ENSG00000066629,ENSG00000125746,EML1,EML2,0.022,0.43,N,N
choose,ENSG00000113231,ENSG00000073417,PDE8B,PDE8A,-0.084,-0.051,N,N
choose,ENSG00000163349,ENSG00000110422,HIPK1,HIPK3,-0.09,-0.245,N,N
choose,ENSG00000144218,ENSG00000072364,AFF3,AFF4,0.068,0.08,N,N
choose,ENSG00000152818,ENSG00000198947,UTRN,DMD,-0.069,0.249,N,N
choose,ENSG00000180089,ENSG00000151117,TMEM86B,TMEM86A,0.081,0.193,N,N
choose,ENSG00000066923,ENSG00000101972,STAG3,STAG2,-1.176,0.058,N,N
choose,ENSG00000048140,ENSG00000168785,TSPAN17,TSPAN5,0.063,0.157,N,N
choose,ENSG00000138814,ENSG00000107758,PPP3CA,PPP3CB,0.181,0.275,N,N
choose,ENSG00000197969,ENSG00000129003,VPS13A,VPS13C,-0.079,0.026,N,N
choose,ENSG00000117569,ENSG00000011304,PTBP2,PTBP1,-0.593,0.544,N,N
choose,ENSG00000091127,ENSG00000129317,PUS7,PUS7L,-0.253,-0.04,N,N
choose,ENSG00000162599,ENSG00000141905,NFIA,NFIC,-0.157,0.401,N,N
choose,ENSG00000115325,ENSG00000146094,DOK1,DOK3,0.172,0.083,N,N
choose,ENSG00000135454,ENSG00000167080,B4GALNT1,B4GALNT2,0.04,0.675,N,N
choose,ENSG00000077044,ENSG00000102780,DGKD,DGKH,-0.024,0.365,N,N
choose,ENSG00000081189,ENSG00000068305,MEF2C,MEF2A,-0.107,0.204,N,N
gi2,ENSG00000182866,ENSG00000133056,LCK,PIK3C2B,-0.062,-0.227,N,N
choose,ENSG00000205309,ENSG00000125458,NT5M,NT5C,-0.208,0.071,N,N
choose,ENSG00000149926,ENSG00000167695,FAM57B,FAM57A,0.149,0.596,N,N
choose,ENSG00000178021,ENSG00000189241,TSPYL6,TSPYL1,-0.265,0.091,N,N
choose,ENSG00000110218,ENSG00000154143,PANX1,PANX3,-0.002,0.027,N,N
choose,ENSG00000115112,ENSG00000135457,TFCP2L1,TFCP2,0.092,0.401,N,N
choose,ENSG00000064763,ENSG00000197601,FAR2,FAR1,-0.211,-0.17,N,N
choose,ENSG00000151929,ENSG00000156735,BAG3,BAG4,-0.048,0.507,N,N
choose,ENSG00000143466,ENSG00000183735,IKBKE,TBK1,-0.01,0.496,N,N
choose,ENSG00000058063,ENSG00000068650,ATP11B,ATP11A,0.024,-0.208,N,N
choose,ENSG00000007968,ENSG00000101412,E2F2,E2F1,0.142,0.389,N,N
gi2,ENSG00000067606,ENSG00000167900,PRKCZ,TK1,-0.138,0.282,N,N
choose,ENSG00000126070,ENSG00000123908,AGO3,AGO2,0.003,0.442,N,N
choose,ENSG00000100596,ENSG00000172296,SPTLC2,SPTLC3,-0.595,-0.079,N,N
choose,ENSG00000121297,ENSG00000179981,TSHZ3,TSHZ1,-0.055,-0.116,N,N
choose,ENSG00000115041,ENSG00000120049,KCNIP3,KCNIP2,-0.403,-0.191,N,N
choose,ENSG00000065833,ENSG00000151376,ME1,ME3,-0.087,0.5,N,N
gi2,ENSG00000182866,ENSG00000188130,LCK,MAPK12,0.057,0.01,N,N
choose,ENSG00000131844,ENSG00000114054,MCCC2,PCCB,0.039,0.399,N,N
choose,ENSG00000168672,ENSG00000162981,FAM84B,FAM84A,-0.054,-0.484,N,N
choose,ENSG00000107105,ENSG00000066044,ELAVL2,ELAVL1,0.159,-0.213,N,N
gi2,ENSG00000171631,ENSG00000170190,P2RY6,SLC16A5,-0.045,-0.133,N,N
choose,ENSG00000112031,ENSG00000120662,MTRF1L,MTRF1,0.113,-0.03,N,N
choose,ENSG00000143552,ENSG00000132182,NUP210L,NUP210,-0.312,0.004,N,N
choose,ENSG00000196935,ENSG00000089820,SRGAP1,ARHGAP4,0.123,0.364,N,N
choose,ENSG00000137393,ENSG00000151692,RNF144B,RNF144A,0.019,0.121,N,N
choose,ENSG00000134873,ENSG00000181885,CLDN10,CLDN7,-0.263,0.087,N,N
choose,ENSG00000187257,ENSG00000081019,RSBN1L,RSBN1,0.003,0.236,N,N
choose,ENSG00000134107,ENSG00000123095,BHLHE40,BHLHE41,0.042,0.028,N,N
choose,ENSG00000183856,ENSG00000145703,IQGAP3,IQGAP2,-0.071,0.489,N,N
choose,ENSG00000143942,ENSG00000128965,CHAC2,CHAC1,0.164,-0.035,N,N
choose,ENSG00000072736,ENSG00000101096,NFATC3,NFATC2,0.005,-0.001,N,N
choose,ENSG00000109466,ENSG00000146021,KLHL2,KLHL3,-0.129,-0.042,N,N
choose,ENSG00000153395,ENSG00000087253,LPCAT1,LPCAT2,0.091,-0.132,N,N
choose,ENSG00000117000,ENSG00000188994,RLF,ZNF292,0.102,0.655,N,N
choose,ENSG00000123213,ENSG00000172009,NLN,THOP1,0.151,-0.039,N,N
choose,ENSG00000144233,ENSG00000101935,AMMECR1L,AMMECR1,-0.123,-0.315,N,N
choose,ENSG00000073792,ENSG00000136231,IGF2BP2,IGF2BP3,-0.267,0.19,N,N
choose,ENSG00000174839,ENSG00000205593,DENND6A,DENND6B,0.088,-0.165,N,N
choose,ENSG00000101336,ENSG00000254087,HCK,LYN,-0.046,0.248,N,N
choose,ENSG00000143028,ENSG00000102003,SYPL2,SYP,-0.127,0.667,N,N
choose,ENSG00000204634,ENSG00000133138,TBC1D8,TBC1D8B,0.016,0.288,N,N
choose,ENSG00000126821,ENSG00000163082,SGPP1,SGPP2,-0.104,0.025,N,N
choose,ENSG00000158050,ENSG00000120129,DUSP2,DUSP1,-0.118,0.037,N,N
choose,ENSG00000169783,ENSG00000174482,LINGO1,LINGO2,-0.077,-0.102,N,N
choose,ENSG00000058063,ENSG00000101974,ATP11B,ATP11C,-0.096,-0.135,N,N
choose,ENSG00000184588,ENSG00000065989,PDE4B,PDE4A,-0.047,0.596,N,N
choose,ENSG00000055208,ENSG00000157625,TAB2,TAB3,-0.124,0.154,N,N
choose,ENSG00000100503,ENSG00000101004,NIN,NINL,0.23,0.168,N,N
choose,ENSG00000171316,ENSG00000124177,CHD7,CHD6,0.119,-0.103,N,N
choose,ENSG00000163219,ENSG00000138639,ARHGAP25,ARHGAP24,-0.068,0.484,N,N
choose,ENSG00000146463,ENSG00000121741,ZMYM4,ZMYM2,-0.226,0.031,N,N
choose,ENSG00000172932,ENSG00000076513,ANKRD13D,ANKRD13A,0.004,0.163,N,N
choose,ENSG00000167968,ENSG00000213918,DNASE1L2,DNASE1,-0.091,0.629,N,N
choose,ENSG00000007384,ENSG00000129667,RHBDF1,RHBDF2,0.004,0.251,N,N
choose,ENSG00000123124,ENSG00000198373,WWP1,WWP2,-0.234,0.027,N,N
gi2,ENSG00000171552,ENSG00000104885,BCL2L1,DOT1L,-2.494,0.217,N,N
choose,ENSG00000173889,ENSG00000111752,PHC3,PHC1,-0.442,0.023,N,N
choose,ENSG00000175984,ENSG00000166444,DENND2C,ST5,0.161,0.036,N,N
choose,ENSG00000133065,ENSG00000136052,SLC41A1,SLC41A2,0.39,-0.262,N,N
choose,ENSG00000131389,ENSG00000010379,SLC6A6,SLC6A13,-0.129,0.021,N,N
choose,ENSG00000104388,ENSG00000129472,RAB2A,RAB2B,-0.311,0.1,N,N
choose,ENSG00000119699,ENSG00000105329,TGFB3,TGFB1,-0.116,0.011,N,N
choose,ENSG00000162599,ENSG00000008441,NFIA,NFIX,-0.214,0.005,N,N
choose,ENSG00000095383,ENSG00000167202,TBC1D2,TBC1D2B,-0.006,0.238,N,N
choose,ENSG00000149798,ENSG00000163171,CDC42EP2,CDC42EP3,0.064,0.102,N,N
choose,ENSG00000007255,ENSG00000182400,TRAPPC6A,TRAPPC6B,0.097,0.027,N,N
choose,ENSG00000182256,ENSG00000113327,GABRG3,GABRG2,0.076,0.201,N,N
choose,ENSG00000100888,ENSG00000124177,CHD8,CHD6,-0.224,-0.185,N,N
choose,ENSG00000107164,ENSG00000088247,FUBP3,KHSRP,-0.176,0.006,N,N
choose,ENSG00000143924,ENSG00000066629,EML4,EML1,-0.221,0.089,N,N
choose,ENSG00000151148,ENSG00000009335,UBE3B,UBE3C,-0.07,0.33,N,N
choose,ENSG00000142082,ENSG00000068903,SIRT3,SIRT2,0.123,-0.036,N,N
choose,ENSG00000135547,ENSG00000164683,HEY2,HEY1,-0.011,-0.141,N,N
choose,ENSG00000142611,ENSG00000085276,PRDM16,MECOM,-0.104,0.645,N,N
choose,ENSG00000144674,ENSG00000173230,GOLGA4,GOLGB1,-0.175,0.509,N,N
choose,ENSG00000116209,ENSG00000105696,TMEM59,TMEM59L,0.23,0.259,N,N
gi2,ENSG00000173020,ENSG00000148218,ADRBK1,ALAD,0.226,0.827,N,N
choose,ENSG00000104219,ENSG00000102383,ZDHHC2,ZDHHC15,0.015,-0.168,N,N
choose,ENSG00000167191,ENSG00000170412,GPRC5B,GPRC5C,0.05,0.216,N,N
choose,ENSG00000115289,ENSG00000185619,PCGF1,PCGF3,-0.169,-0.004,N,N
choose,ENSG00000077522,ENSG00000130402,ACTN2,ACTN4,-0.011,0.159,N,N
choose,ENSG00000137802,ENSG00000075702,MAPKBP1,WDR62,0.252,0.404,N,N
choose,ENSG00000003987,ENSG00000102043,MTMR7,MTMR8,-0.158,0.287,N,N
choose,ENSG00000158773,ENSG00000105698,USF1,USF2,-0.387,-1.083,N,N
choose,ENSG00000162650,ENSG00000163635,ATXN7L2,ATXN7,0.259,0.031,N,N
gi1,ENSG00000012048,ENSG00000143799,BRCA1,PARP1,-0.49,-0.993,N,N
gi2,ENSG00000182866,ENSG00000107968,LCK,MAP3K8,-0.062,-0.082,N,N
choose,ENSG00000111348,ENSG00000141522,ARHGDIB,ARHGDIA,0.031,-0.063,N,N
choose,ENSG00000081277,ENSG00000184363,PKP1,PKP3,-0.085,-0.059,N,N
choose,ENSG00000106404,ENSG00000189143,CLDN15,CLDN4,0.45,0.028,N,N
choose,ENSG00000116005,ENSG00000145882,PCYOX1,PCYOX1L,0.099,0.362,N,N
choose,ENSG00000065060,ENSG00000111647,UHRF1BP1,UHRF1BP1L,-0.014,0.163,N,N
choose,ENSG00000215897,ENSG00000130584,ZBTB8B,ZBTB46,0.136,0.001,N,N
choose,ENSG00000146856,ENSG00000165923,AGBL3,AGBL2,-0.06,0.294,N,N
choose,ENSG00000115762,ENSG00000021300,PLEKHB2,PLEKHB1,-0.237,0.464,N,N
choose,ENSG00000116016,ENSG00000124440,EPAS1,HIF3A,0.13,0.167,N,N
choose,ENSG00000138678,ENSG00000158669,AGPAT9,AGPAT6,-0.173,-0.493,N,N
choose,ENSG00000135083,ENSG00000107443,CCNJL,CCNJ,0.008,0.143,N,N
choose,ENSG00000116396,ENSG00000129159,KCNC4,KCNC1,0.118,0.215,N,N
choose,ENSG00000113263,ENSG00000010671,ITK,BTK,-0.285,-0.242,N,N
choose,ENSG00000083444,ENSG00000106397,PLOD1,PLOD3,-0.083,-0.083,N,N
choose,ENSG00000105717,ENSG00000185630,PBX4,PBX1,-0.053,0.528,N,N
choose,ENSG00000088387,ENSG00000147251,DOCK9,DOCK11,0.289,0.016,N,N
choose,ENSG00000186001,ENSG00000130224,LRCH3,LRCH2,-0.074,0.037,N,N
choose,ENSG00000160808,ENSG00000196465,MYL3,MYL6B,-0.098,0.026,N,N
choose,ENSG00000164663,ENSG00000136014,USP49,USP44,0.148,0.5,N,N
choose,ENSG00000054965,ENSG00000152102,FAM168A,FAM168B,0.129,0.038,N,N
choose,ENSG00000179387,ENSG00000110675,ELMOD2,ELMOD1,0.157,-0.127,N,N
choose,ENSG00000140396,ENSG00000124151,NCOA2,NCOA3,-0.237,-0.309,N,N
choose,ENSG00000170759,ENSG00000155980,KIF5B,KIF5A,-0.011,0.066,N,N
choose,ENSG00000115365,ENSG00000132434,LANCL1,LANCL2,0.01,0.419,N,N
choose,ENSG00000113761,ENSG00000165061,ZNF346,ZMAT4,-0.086,0.034,N,N
choose,ENSG00000144045,ENSG00000089876,DQX1,DHX32,0.046,-0.074,N,N
choose,ENSG00000119314,ENSG00000011304,PTBP3,PTBP1,-0.995,0.249,N,N
gi2,ENSG00000253729,ENSG00000100300,PRKDC,TSPO,-0.393,-0.575,N,N
choose,ENSG00000137942,ENSG00000125733,FNBP1L,TRIP10,-0.087,0.104,N,N
choose,ENSG00000180138,ENSG00000113712,CSNK1A1L,CSNK1A1,0.012,-0.473,N,N
gi2,ENSG00000135409,ENSG00000182866,AMHR2,LCK,-0.165,0.091,N,N
gi2,ENSG00000135409,ENSG00000067606,AMHR2,PRKCZ,-0.178,0.771,N,N
choose,ENSG00000114316,ENSG00000102226,USP4,USP11,-0.096,0.244,N,N
choose,ENSG00000147862,ENSG00000008441,NFIB,NFIX,-0.062,-0.001,N,N
choose,ENSG00000143702,ENSG00000099814,CEP170,CEP170B,0.098,0.081,N,N
choose,ENSG00000084652,ENSG00000086712,TXLNA,TXLNG,-0.309,0.122,N,N
choose,ENSG00000122642,ENSG00000141756,FKBP9,FKBP10,-0.016,0.222,N,N
choose,ENSG00000184787,ENSG00000132388,UBE2G2,UBE2G1,0.415,0.451,N,N
choose,ENSG00000172037,ENSG00000091136,LAMB2,LAMB1,0.096,-0.146,N,N
choose,ENSG00000197283,ENSG00000136848,SYNGAP1,DAB2IP,-0.046,-0.201,N,N
gi2,ENSG00000182866,ENSG00000007171,LCK,NOS2,0.165,-0.194,N,N
choose,ENSG00000083097,ENSG00000142197,DOPEY1,DOPEY2,-0.207,-0.018,N,N
choose,ENSG00000048028,ENSG00000155313,USP28,USP25,-0.088,-0.1,N,N
choose,ENSG00000196781,ENSG00000065717,TLE1,TLE2,-0.04,-0.039,N,N
gi1,ENSG00000253729,ENSG00000149311,PRKDC,ATM,-0.467,-0.51,N,N
choose,ENSG00000067208,ENSG00000142459,EVI5,EVI5L,-0.207,0.387,N,N
choose,ENSG00000117069,ENSG00000160408,ST6GALNAC5,ST6GALNAC6,0.007,0.074,N,N
choose,ENSG00000170967,ENSG00000197312,DDI1,DDI2,-0.743,0.641,N,N
choose,ENSG00000146247,ENSG00000165288,PHIP,BRWD3,-0.06,-0.028,N,N
choose,ENSG00000112511,ENSG00000119403,PHF1,PHF19,-0.194,0.098,N,N
choose,ENSG00000187244,ENSG00000076706,BCAM,MCAM,-0.116,0.25,N,N
choose,ENSG00000084676,ENSG00000124151,NCOA1,NCOA3,0.025,-0.369,N,N
gi2,ENSG00000070808,ENSG00000104936,CAMK2A,DMPK,-0.171,0.465,N,N
gi2,ENSG00000139626,ENSG00000182866,ITGB7,LCK,0.064,0.077,N,N
gi2,ENSG00000186204,ENSG00000101213,CYP4F12,PTK6,-0.007,0.427,N,N
choose,ENSG00000167800,ENSG00000184058,TBX10,TBX1,-0.099,-0.165,N,N
choose,ENSG00000156875,ENSG00000148110,HIAT1,HIATL1,-0.288,-0.227,N,N
gi2,ENSG00000158571,ENSG00000143179,PFKFB1,UCK2,-0.274,0.083,N,N
choose,ENSG00000169860,ENSG00000165621,P2RY1,OXGR1,-0.071,0.279,N,N
choose,ENSG00000141380,ENSG00000184402,SS18,SS18L1,-0.527,-0.007,N,N
choose,ENSG00000163520,ENSG00000077942,FBLN2,FBLN1,-0.038,0.036,N,N
choose,ENSG00000156398,ENSG00000164466,SFXN2,SFXN1,-0.709,-0.189,N,N
choose,ENSG00000084234,ENSG00000142192,APLP2,APP,-0.155,-0.251,N,N
choose,ENSG00000069020,ENSG00000099308,MAST4,MAST3,-0.09,-0.087,N,N
choose,ENSG00000072422,ENSG00000008853,RHOBTB1,RHOBTB2,-0.135,0.019,N,N
choose,ENSG00000075340,ENSG00000148700,ADD2,ADD3,-0.016,-0.215,N,N
choose,ENSG00000161638,ENSG00000005961,ITGA5,ITGA2B,-0.102,0.413,N,N
choose,ENSG00000151240,ENSG00000066084,DIP2C,DIP2B,0.126,0.122,N,N
choose,ENSG00000136653,ENSG00000068028,RASSF5,RASSF1,-0.124,0.078,N,N
choose,ENSG00000168389,ENSG00000205639,MFSD2A,MFSD2B,-0.179,-0.021,N,N
choose,ENSG00000072518,ENSG00000007047,MARK2,MARK4,-0.082,0.158,N,N
choose,ENSG00000100422,ENSG00000188452,CERK,CERKL,0.125,-0.312,N,N
choose,ENSG00000164031,ENSG00000148719,DNAJB14,DNAJB12,-0.091,0.063,N,N
choose,ENSG00000115221,ENSG00000150093,ITGB6,ITGB1,-0.342,-0.247,N,N
choose,ENSG00000144644,ENSG00000139631,GADL1,CSAD,0.114,-0.036,N,N
choose,ENSG00000134352,ENSG00000119535,IL6ST,CSF3R,0.012,0.024,N,N
choose,ENSG00000096968,ENSG00000105639,JAK2,JAK3,-0.007,0.066,N,N
choose,ENSG00000160094,ENSG00000126746,ZNF362,ZNF384,-0.305,-0.043,N,N
choose,ENSG00000129292,ENSG00000025293,PHF20L1,PHF20,-0.164,0.135,N,N
choose,ENSG00000115295,ENSG00000105270,CLIP4,CLIP3,0.089,0.406,N,N
choose,ENSG00000164078,ENSG00000105976,MST1R,MET,0.159,0.294,N,N
choose,ENSG00000213347,ENSG00000119950,MXD3,MXI1,-0.424,-0.27,N,N
choose,ENSG00000088179,ENSG00000070159,PTPN4,PTPN3,0.201,-0.105,N,N
choose,ENSG00000059377,ENSG00000106258,TBXAS1,CYP3A5,0.259,0.342,N,N
choose,ENSG00000162924,ENSG00000173039,REL,RELA,-0.415,0.206,N,N
gi2,ENSG00000123454,ENSG00000167900,DBH,TK1,0.147,0.096,N,N
choose,ENSG00000102572,ENSG00000134602,STK24,MST4,0.124,0.366,N,N
choose,ENSG00000113580,ENSG00000169083,NR3C1,AR,-0.271,0.273,N,N
choose,ENSG00000135926,ENSG00000135472,TMBIM1,FAIM2,-0.332,0.029,N,N
choose,ENSG00000148377,ENSG00000067064,IDI2,IDI1,0.148,0.093,N,N
choose,ENSG00000136830,ENSG00000135842,FAM129B,FAM129A,-0.052,0.059,N,N
choose,ENSG00000111859,ENSG00000087589,NEDD9,CASS4,-0.104,0.34,N,N
choose,ENSG00000143126,ENSG00000075275,CELSR2,CELSR1,0.033,0.391,N,N
choose,ENSG00000178662,ENSG00000144655,CSRNP3,CSRNP1,-0.159,-0.015,N,N
choose,ENSG00000122779,ENSG00000197323,TRIM24,TRIM33,-0.722,0.105,N,N
choose,ENSG00000072736,ENSG00000131196,NFATC3,NFATC1,-0.049,0.084,N,N
choose,ENSG00000189401,ENSG00000155100,OTUD6A,OTUD6B,-0.135,0.482,N,N
choose,ENSG00000069424,ENSG00000170049,KCNAB2,KCNAB3,-0.114,0.002,N,N
choose,ENSG00000114268,ENSG00000170525,PFKFB4,PFKFB3,-0.189,0.478,N,N
choose,ENSG00000163697,ENSG00000113108,APBB2,APBB3,-0.118,0.173,N,N
choose,ENSG00000060982,ENSG00000105552,BCAT1,BCAT2,-0.034,0.109,N,N
choose,ENSG00000150630,ENSG00000112715,VEGFC,VEGFA,-0.01,-0.17,N,N
choose,ENSG00000137486,ENSG00000120500,ARRB1,ARR3,-0.29,0.196,N,N
choose,ENSG00000166900,ENSG00000099365,STX3,STX1B,0.062,0.034,N,N
choose,ENSG00000130818,ENSG00000174652,ZNF426,ZNF266,0.257,-0.027,N,N
choose,ENSG00000158161,ENSG00000104313,EYA3,EYA1,-0.257,-0.207,N,N
choose,ENSG00000186496,ENSG00000172466,ZNF396,ZNF24,-0.385,-0.258,N,N
choose,ENSG00000164176,ENSG00000140545,EDIL3,MFGE8,-0.227,-0.117,N,N
choose,ENSG00000116991,ENSG00000197555,SIPA1L2,SIPA1L1,0.135,0.224,N,N
choose,ENSG00000172986,ENSG00000151233,GXYLT2,GXYLT1,-0.211,-0.206,N,N
choose,ENSG00000092841,ENSG00000196465,MYL6,MYL6B,-0.014,-0.011,N,N
choose,ENSG00000163554,ENSG00000197694,SPTA1,SPTAN1,0.116,0.068,N,N
choose,ENSG00000139209,ENSG00000017483,SLC38A4,SLC38A5,-0.173,0.024,N,N
gi2,ENSG00000100823,ENSG00000149311,APEX1,ATM,-0.316,0.318,N,N
choose,ENSG00000137221,ENSG00000183092,TJAP1,BEGAIN,-0.18,0.472,N,N
choose,ENSG00000137976,ENSG00000105612,DNASE2B,DNASE2,0.218,0.178,N,N
choose,ENSG00000180902,ENSG00000166816,D2HGDH,LDHD,-0.332,-0.018,N,N
choose,ENSG00000135766,ENSG00000269858,EGLN1,EGLN2,-0.529,0.401,N,N
choose,ENSG00000003989,ENSG00000139514,SLC7A2,SLC7A1,0.029,-0.459,N,N
choose,ENSG00000160678,ENSG00000171643,S100A1,S100Z,-0.127,0.667,N,N
choose,ENSG00000122121,ENSG00000108039,XPNPEP2,XPNPEP1,-0.417,0.1,N,N
choose,ENSG00000187866,ENSG00000156504,FAM122A,FAM122B,0.124,0.274,N,N
choose,ENSG00000083444,ENSG00000152952,PLOD1,PLOD2,-0.185,0.246,N,N
choose,ENSG00000196482,ENSG00000119715,ESRRG,ESRRB,-0.014,-0.12,N,N
choose,ENSG00000198369,ENSG00000166068,SPRED2,SPRED1,-0.054,-0.15,N,N
choose,ENSG00000196526,ENSG00000169129,AFAP1,AFAP1L2,-0.163,0.175,N,N
choose,ENSG00000198837,ENSG00000174485,DENND4B,DENND4A,-0.11,0.694,N,N
choose,ENSG00000164089,ENSG00000175309,ETNPPL,PHYKPL,-0.072,0.178,N,N
gi2,ENSG00000100823,ENSG00000253729,APEX1,PRKDC,-0.435,-0.487,N,N
choose,ENSG00000162873,ENSG00000185909,KLHDC8A,KLHDC8B,-0.028,0.079,N,N
choose,ENSG00000083857,ENSG00000086570,FAT1,FAT2,0.011,0.804,N,N
choose,ENSG00000170802,ENSG00000053254,FOXN2,FOXN3,-0.032,0.59,N,N
choose,ENSG00000091073,ENSG00000110042,DTX2,DTX4,0.31,-0.02,N,N
choose,ENSG00000105204,ENSG00000157540,DYRK1B,DYRK1A,-0.206,0.841,N,N
choose,ENSG00000060138,ENSG00000065978,YBX3,YBX1,0.101,0.129,N,N
choose,ENSG00000104177,ENSG00000099783,MYEF2,HNRNPM,-0.57,0.447,N,N
choose,ENSG00000113916,ENSG00000161940,BCL6,BCL6B,-0.215,0.629,N,N
choose,ENSG00000115317,ENSG00000169495,HTRA2,HTRA4,0.004,0.443,N,N
choose,ENSG00000116478,ENSG00000196591,HDAC1,HDAC2,0.098,-0.243,N,N
choose,ENSG00000132842,ENSG00000103723,AP3B1,AP3B2,0.157,0.289,N,N
choose,ENSG00000151718,ENSG00000113645,WWC2,WWC1,0.006,-0.505,N,N
choose,ENSG00000170464,ENSG00000148719,DNAJC18,DNAJB12,0.024,0.131,N,N
gi2,ENSG00000171552,ENSG00000105397,BCL2L1,TYK2,-2.465,0.517,N,N
choose,ENSG00000134333,ENSG00000111716,LDHA,LDHB,0.025,0.74,N,N
choose,ENSG00000185467,ENSG00000182481,KPNA7,KPNA2,-0.886,0.174,N,N
choose,ENSG00000070501,ENSG00000166169,POLB,POLL,0.001,0.09,N,N
choose,ENSG00000174606,ENSG00000013523,ANGEL2,ANGEL1,0.251,0.566,N,N
gi2,ENSG00000129673,ENSG00000198900,AANAT,TOP1,-1.761,-0.209,N,N
choose,ENSG00000163154,ENSG00000185361,TNFAIP8L2,TNFAIP8L1,-0.268,-0.222,N,N
choose,ENSG00000135723,ENSG00000134775,FHOD1,FHOD3,-0.194,0.052,N,N
choose,ENSG00000085788,ENSG00000107651,DDHD2,SEC23IP,-0.773,-0.215,N,N
choose,ENSG00000088035,ENSG00000159063,ALG6,ALG8,0.262,0.578,N,N
gi2,ENSG00000124762,ENSG00000198900,CDKN1A,TOP1,-2.147,-0.949,N,N
choose,ENSG00000078900,ENSG00000141510,TP73,TP53,0.087,0.189,N,N
choose,ENSG00000196187,ENSG00000165548,TMEM63A,TMEM63C,-0.312,0.425,N,N
choose,ENSG00000111674,ENSG00000108515,ENO2,ENO3,-0.072,0.185,N,N
choose,ENSG00000159216,ENSG00000124813,RUNX1,RUNX2,-0.223,0.156,N,N
choose,ENSG00000083750,ENSG00000155876,RRAGB,RRAGA,-1,-0.324,N,N
choose,ENSG00000138744,ENSG00000104763,NAAA,ASAH1,0.112,-0.018,N,N
choose,ENSG00000151726,ENSG00000197142,ACSL1,ACSL5,0.048,-0.121,N,N
choose,ENSG00000110931,ENSG00000004660,CAMKK2,CAMKK1,0.139,0.299,N,N
choose,ENSG00000170485,ENSG00000134852,NPAS2,CLOCK,-0.06,-0.168,N,N
choose,ENSG00000165671,ENSG00000147548,NSD1,WHSC1L1,-0.481,0.217,N,N
choose,ENSG00000185634,ENSG00000160691,SHC4,SHC1,0.123,0.103,N,N
choose,ENSG00000128564,ENSG00000187867,VGF,PALM3,-0.039,-0.295,N,N
choose,ENSG00000149541,ENSG00000109956,B3GAT3,B3GAT1,0.116,-0.269,N,N
choose,ENSG00000151718,ENSG00000047644,WWC2,WWC3,-0.14,-0.108,N,N
choose,ENSG00000006468,ENSG00000244405,ETV1,ETV5,0.11,-0.023,N,N
choose,ENSG00000133056,ENSG00000011405,PIK3C2B,PIK3C2A,-0.08,-0.106,N,N
choose,ENSG00000081026,ENSG00000187391,MAGI3,MAGI2,-0.241,-0.153,N,N
choose,ENSG00000175600,ENSG00000242110,C7orf10,AMACR,-0.097,0.238,N,N
gi1,ENSG00000080824,ENSG00000106348,HSP90AA1,IMPDH1,-0.032,-0.017,N,N
choose,ENSG00000166532,ENSG00000177181,RIMKLB,RIMKLA,0.018,0.469,N,N
choose,ENSG00000123353,ENSG00000128699,ORMDL2,ORMDL1,-0.108,-0.049,N,N
choose,ENSG00000073282,ENSG00000141510,TP63,TP53,0.213,-0.096,N,N
choose,ENSG00000197959,ENSG00000106976,DNM3,DNM1,0.112,-0.457,N,N
choose,ENSG00000135046,ENSG00000182718,ANXA1,ANXA2,0.131,0.56,N,N
choose,ENSG00000134698,ENSG00000092847,AGO4,AGO1,0.224,0.485,N,N
choose,ENSG00000135605,ENSG00000113263,TEC,ITK,0.196,-0.262,N,N
choose,ENSG00000205111,ENSG00000100490,CDKL4,CDKL1,-0.086,-0.048,N,N
choose,ENSG00000162434,ENSG00000105397,JAK1,TYK2,0.039,-0.107,N,N
gi2,ENSG00000153922,ENSG00000167900,CHD1,TK1,-1.166,0.075,N,N
choose,ENSG00000160691,ENSG00000148082,SHC1,SHC3,-0.151,-0.29,N,N
gi1,ENSG00000142208,ENSG00000105221,AKT1,AKT2,-0.987,0.861,N,N
choose,ENSG00000106635,ENSG00000110987,BCL7B,BCL7A,-0.056,0.377,N,N
choose,ENSG00000115109,ENSG00000095203,EPB41L5,EPB41L4B,-0.142,-0.389,N,N
choose,ENSG00000204138,ENSG00000112419,PHACTR4,PHACTR2,0.261,0.22,N,N
choose,ENSG00000006652,ENSG00000214706,IFRD1,IFRD2,-0.362,0.26,N,N
choose,ENSG00000005421,ENSG00000105854,PON1,PON2,-0.061,0.062,N,N
gi2,ENSG00000253729,ENSG00000071242,PRKDC,RPS6KA2,-0.594,-0.505,N,N
gi2,ENSG00000105552,ENSG00000105641,BCAT2,SLC5A5,-0.118,0.339,N,N
choose,ENSG00000125637,ENSG00000146005,PSD4,PSD2,-0.433,0.126,N,N
choose,ENSG00000203995,ENSG00000162378,ZYG11A,ZYG11B,-0.362,-0.769,N,N
gi2,ENSG00000164078,ENSG00000154229,MST1R,PRKCA,-0.162,-0.406,N,N
choose,ENSG00000116299,ENSG00000164659,KIAA1324,KIAA1324L,0.125,0.47,N,N
choose,ENSG00000111371,ENSG00000139209,SLC38A1,SLC38A4,-0.228,-0.207,N,N
choose,ENSG00000115840,ENSG00000004864,SLC25A12,SLC25A13,0.021,-0.05,N,N
gi2,ENSG00000105221,ENSG00000113161,AKT2,HMGCR,-0.681,-0.209,N,N
choose,ENSG00000137218,ENSG00000166225,FRS3,FRS2,0.019,0.302,N,N
choose,ENSG00000166165,ENSG00000104879,CKB,CKM,-0.083,0.638,N,N
choose,ENSG00000101544,ENSG00000101126,ADNP2,ADNP,0.055,-0.64,N,N
choose,ENSG00000127955,ENSG00000065135,GNAI1,GNAI3,-0.065,0.219,N,N
gi2,ENSG00000153922,ENSG00000104879,CHD1,CKM,-0.946,0.623,N,N
choose,ENSG00000121671,ENSG00000008405,CRY2,CRY1,-0.191,-0.127,N,N
choose,ENSG00000124831,ENSG00000093167,LRRFIP1,LRRFIP2,0.219,-0.585,N,N
choose,ENSG00000184838,ENSG00000205363,PRR16,C15orf59,-0.059,0.293,N,N
gi2,ENSG00000148660,ENSG00000186204,CAMK2G,CYP4F12,-0.413,-0.124,N,N
choose,ENSG00000113580,ENSG00000082175,NR3C1,PGR,0.271,-0.02,N,N
choose,ENSG00000154511,ENSG00000165716,FAM69A,FAM69B,0.279,0.024,N,N
choose,ENSG00000075303,ENSG00000013306,SLC25A40,SLC25A39,-0.174,0.449,N,N
choose,ENSG00000172660,ENSG00000089280,TAF15,FUS,-0.702,-0.292,N,N
choose,ENSG00000118260,ENSG00000123268,CREB1,ATF1,-0.591,-0.521,N,N
choose,ENSG00000171316,ENSG00000100888,CHD7,CHD8,-0.457,-0.432,N,N
gi2,ENSG00000123374,ENSG00000100122,CDK2,CRYBB1,-1.224,0.147,N,N
choose,ENSG00000162613,ENSG00000088247,FUBP1,KHSRP,-1.002,-1.427,N,N
choose,ENSG00000075711,ENSG00000082458,DLG1,DLG3,0.515,0.012,N,N
gi2,ENSG00000100823,ENSG00000139618,APEX1,BRCA2,-1.063,-0.479,N,N
