A1,A2,A1_ensembl,A2_ensembl,ttest_pvalue,corrected_pvalue,percent_sequence_identity,duplication_mode,either_in_complex,in_same_complex,copy_number_driven,nonsense_mutation_driven
CPAMD8,CD109,ENSG00000160111,ENSG00000156535,0.004232613797815658,0.05330180250245184,0.22049700000000005,SSD,False,False,False,False
MIB1,MIB2,ENSG00000101752,ENSG00000197530,0.008901756665759078,0.08989907178195979,0.392644,SSD,False,False,False,False
TFDP1,TFDP2,ENSG00000198176,ENSG00000114126,1.8310332134424428e-06,6.740152438358246e-05,0.634146,WGD,True,False,False,False
ACTB,ACTG1,ENSG00000075624,ENSG00000184009,0.0040873939084444455,0.05189321939680183,0.989333,WGD,True,True,True,False
ACTG1,ACTC1,ENSG00000184009,ENSG00000159251,0.00131301422394232,0.021552141127032118,0.938667,SSD,True,False,False,False
ACTR1A,ACTR1B,ENSG00000138107,ENSG00000115073,3.4233097238203503e-10,2.340264812295208e-08,0.904255,WGD,False,False,True,False
ACTG1,ACTR1B,ENSG00000184009,ENSG00000115073,0.00826808200797228,0.08515850690661518,0.541333,SSD,True,False,False,False
FOXA1,FOXD1,ENSG00000129514,ENSG00000251493,0.00281608769436841,0.03954600800601778,0.222458,SSD,False,False,False,False
FOXD3,FOXL1,ENSG00000187140,ENSG00000176678,0.004517332029357799,0.055319532587863915,0.200837,SSD,False,False,False,False
FOXA1,FOXL1,ENSG00000129514,ENSG00000176678,0.0016469773032887199,0.025298384700639817,0.20339000000000002,SSD,False,False,False,False
CCNB1,CCNB2,ENSG00000134057,ENSG00000157456,0.00837716398899323,0.08587335334683584,0.498845,WGD,True,True,True,False
CCNE1,CCNE2,ENSG00000105173,ENSG00000175305,0.0004006954418754331,0.00806707554662482,0.4829270000000001,WGD,True,False,False,False
POC1A,POC1B,ENSG00000164087,ENSG00000139323,7.14609132685862e-06,0.00022681548032850752,0.584767,WGD,False,False,True,False
BRD2,BRD3,ENSG00000204256,ENSG00000169925,7.594092004997835e-05,0.001968451931795481,0.564593,WGD,False,False,True,False
RHOA,RND3,ENSG00000067560,ENSG00000115963,0.0035865300117700477,0.047674793169276634,0.502591,SSD,True,False,False,False
RHOF,RND3,ENSG00000139725,ENSG00000115963,0.0005781391998362719,0.011066473729789068,0.412322,SSD,False,False,False,False
RHOA,RHOB,ENSG00000067560,ENSG00000143878,6.405162018050699e-18,9.266630910300788e-16,0.8497410000000001,SSD,True,False,True,False
RHOA,RHOC,ENSG00000067560,ENSG00000155366,4.562137894345378e-05,0.0012502669533357973,0.917098,SSD,True,False,True,False
RHOF,RHOC,ENSG00000139725,ENSG00000155366,0.0028846034932631767,0.04023569132643546,0.459716,SSD,False,False,False,False
DYNLT1,DYNLT3,ENSG00000146425,ENSG00000165169,0.0006844194759115902,0.012786106785723731,0.5398229999999999,WGD,True,True,False,False
ELAVL1,ELAVL2,ENSG00000066044,ENSG00000107105,0.007236403964504635,0.07749343437110726,0.733129,WGD,True,False,True,False
YBX1,YBX3,ENSG00000065978,ENSG00000060138,0.006295831133744464,0.07085635540184068,0.5956790000000001,SSD,True,False,False,False
SLC38A2,SLC38A1,ENSG00000134294,ENSG00000111371,0.0047707683716734966,0.05774114793809499,0.474308,SSD,False,False,False,False
PPP1CC,PPP1CA,ENSG00000186298,ENSG00000172531,0.0014528121280391426,0.0234751798663156,0.878338,WGD,True,False,True,False
PPP1CA,PPP1CB,ENSG00000172531,ENSG00000213639,0.00020768226364135944,0.0047152969420178725,0.8269790000000001,SSD,True,False,True,False
NCOR1,NCOR2,ENSG00000141027,ENSG00000196498,0.0015127475894705865,0.024145788860905782,0.428689,WGD,True,True,True,False
TBL1XR1,TBL1X,ENSG00000177565,ENSG00000101849,2.7653000930661627e-11,2.072642395055976e-09,0.8715949999999999,WGD,True,True,True,False
CDK6,CDK1,ENSG00000105810,ENSG00000170312,0.0031251642474442033,0.04272889402934151,0.4110430000000001,SSD,True,False,False,False
CDK4,CDK6,ENSG00000135446,ENSG00000105810,1.5584958120586498e-13,1.447074992062218e-11,0.6963699999999999,SSD,True,True,False,False
CDK6,CDK4,ENSG00000105810,ENSG00000135446,7.040134058777644e-06,0.00022459832810079863,0.647239,SSD,True,True,True,False
CDK6,CDK2,ENSG00000105810,ENSG00000123374,0.0007980802925473139,0.014517127192797775,0.4417180000000001,SSD,True,False,False,False
ADCY3,ADCY6,ENSG00000138031,ENSG00000174233,0.0015628100237078536,0.024613268753130524,0.33537100000000003,SSD,False,False,False,False
CHKA,ETNK2,ENSG00000110721,ENSG00000143845,8.845056016312175e-05,0.00223679241778366,0.21006599999999997,SSD,False,False,False,False
TTC7A,TTC7B,ENSG00000068724,ENSG00000165914,2.1615909226655182e-39,2.2412095216503647e-36,0.47505699999999995,WGD,True,False,False,False
ATP6V0A2,ATP6V0A1,ENSG00000185344,ENSG00000033627,2.123077346834143e-32,1.2006967431504729e-29,0.525701,SSD,False,False,False,False
ARF4,ARF5,ENSG00000168374,ENSG00000004059,6.388047256193248e-07,2.483752623798637e-05,0.8611110000000001,WGD,False,False,True,False
ARF1,ARF5,ENSG00000143761,ENSG00000004059,0.004722984460228195,0.057274242352981675,0.7679560000000001,SSD,True,False,True,False
ARF1,ARF3,ENSG00000143761,ENSG00000134287,5.203063284069399e-07,2.074888249371521e-05,0.961326,WGD,True,False,False,False
ARF1,ARL3,ENSG00000143761,ENSG00000138175,0.005908325353113212,0.06744163673709595,0.447514,SSD,True,False,False,False
ARF1,ARF4,ENSG00000143761,ENSG00000168374,0.00012454070214454696,0.0030029756125628942,0.8011050000000001,SSD,True,False,True,False
ARF6,ARF4,ENSG00000165527,ENSG00000168374,0.001513720889849422,0.024145788860905782,0.6514289999999999,SSD,False,False,False,False
FGD5,FGD6,ENSG00000154783,ENSG00000180263,0.0038206010600664343,0.049646794555486734,0.274282,WGD,False,False,False,False
HDAC7,HDAC5,ENSG00000061273,ENSG00000108840,0.005676612548837524,0.06539667901170045,0.457114,WGD,True,False,False,False
HDAC4,HDAC5,ENSG00000068024,ENSG00000108840,0.004416835129253687,0.05471703028864448,0.6134689999999999,WGD,True,False,False,False
HDAC7,HDAC9,ENSG00000061273,ENSG00000048052,0.004252422091931033,0.05333531821351402,0.438951,WGD,True,False,False,False
DPF2,DPF1,ENSG00000133884,ENSG00000011332,0.0018301180806213823,0.027500397535134356,0.577778,WGD,True,False,False,False
STEAP3,STEAP1,ENSG00000115107,ENSG00000164647,0.00019652057246923708,0.004561770452728074,0.27710799999999997,SSD,False,False,False,False
STEAP3,STEAP2,ENSG00000115107,ENSG00000157214,0.0004893847065572469,0.009513944560914478,0.5100399999999999,SSD,False,False,False,False
IRS1,IRS2,ENSG00000169047,ENSG00000185950,2.1824395180538646e-06,7.84795158486306e-05,0.412238,WGD,True,False,False,False
FLI1,ETS1,ENSG00000151702,ENSG00000134954,0.00022504725976555567,0.004987814994724037,0.252212,SSD,True,False,False,False
ROCK1,CDC42BPA,ENSG00000067900,ENSG00000143776,0.001498112217724554,0.02408205712264716,0.271787,SSD,True,False,False,False
ROCK1,ROCK2,ENSG00000067900,ENSG00000134318,0.004864001866318263,0.0585279605616362,0.657312,WGD,True,False,False,False
ROCK1,CDC42BPB,ENSG00000067900,ENSG00000198752,1.8067247998777405e-06,6.690258916690132e-05,0.279911,SSD,True,False,False,False
PPIH,PPIC,ENSG00000171960,ENSG00000168938,0.00030479163285529633,0.006427487281331521,0.559322,SSD,True,False,False,False
PPIL1,PPIC,ENSG00000137168,ENSG00000168938,0.0005339920553040161,0.010276356231727006,0.493976,SSD,True,False,False,False
PIAS1,PIAS3,ENSG00000033800,ENSG00000131788,0.00012046375641145484,0.002915972874068718,0.572741,WGD,True,False,False,False
IREB2,ACO1,ENSG00000136381,ENSG00000122729,2.4177745635843168e-09,1.4602888893260231e-07,0.561786,SSD,False,False,False,False
ACO2,ACO1,ENSG00000100412,ENSG00000122729,4.602404433123682e-19,7.157889494615609e-17,0.284615,SSD,False,False,False,False
DENND4A,DENND4C,ENSG00000174485,ENSG00000137145,0.0043683600994282226,0.05435113635708595,0.496327,WGD,False,False,False,False
ATP1B3,ATP1B1,ENSG00000069849,ENSG00000143153,2.6017127031074866e-45,4.04631368150792e-42,0.362007,WGD,True,False,False,False
KRAS,NRAS,ENSG00000133703,ENSG00000213281,4.35698226394229e-06,0.00014494538322986622,0.867725,WGD,True,False,True,False
KRAS,MRAS,ENSG00000133703,ENSG00000158186,6.863125724646407e-06,0.00022007992336610981,0.518519,SSD,True,False,False,False
NRAS,RRAS,ENSG00000213281,ENSG00000126458,0.006880580273303781,0.07483232496542451,0.539683,WGD,False,False,False,False
NRAS,RRAS2,ENSG00000213281,ENSG00000133818,0.00011488881286430327,0.002813871278853664,0.529101,WGD,False,False,False,False
CERS2,CERS4,ENSG00000143418,ENSG00000090661,0.00011729393211689353,0.002850334186324979,0.465789,WGD,False,False,False,False
HSD17B11,DHRS7,ENSG00000198189,ENSG00000100612,7.536729982806651e-05,0.0019617572059849445,0.283333,SSD,False,False,False,False
GNA11,GNAQ,ENSG00000088256,ENSG00000156052,5.6704292259562306e-05,0.0015139802667241936,0.902507,WGD,True,True,False,False
GRK2,GRK4,ENSG00000173020,ENSG00000125388,0.000162908122767547,0.0038534274970985173,0.291727,SSD,False,False,True,False
GRK2,GRK5,ENSG00000173020,ENSG00000198873,0.002972140938143596,0.040997092630135935,0.29463,SSD,False,False,False,False
GRK2,GRK3,ENSG00000173020,ENSG00000100077,0.0007906143809966378,0.014450633907679278,0.8403480000000001,WGD,False,False,False,False
ARHGAP45,ARHGAP29,ENSG00000180448,ENSG00000137962,1.7712548187390256e-13,1.620437680496394e-11,0.319444,WGD,False,False,True,False
RAB1B,RAB1A,ENSG00000174903,ENSG00000138069,0.004346741586944387,0.0542993562497611,0.935323,WGD,False,False,True,False
NMNAT1,NMNAT3,ENSG00000173614,ENSG00000163864,0.008554255005525715,0.08723937768750077,0.433692,WGD,False,False,False,False
DNAJB6,DNAJB4,ENSG00000105993,ENSG00000162616,0.0016057183706807748,0.02491065831422718,0.26380400000000004,SSD,False,False,False,False
SLC2A1,SLC2A14,ENSG00000117394,ENSG00000173262,0.001057811691262316,0.018029168579021558,0.619919,SSD,True,False,False,False
SLC2A1,SLC2A3,ENSG00000117394,ENSG00000059804,5.2951033212868086e-27,1.830046542318069e-24,0.6402439999999999,SSD,True,False,False,False
SHE,SHB,ENSG00000169291,ENSG00000107338,3.407438758819897e-05,0.0009591708831954108,0.305051,WGD,False,False,False,False
FBN3,FBN2,ENSG00000142449,ENSG00000138829,0.003724341288051741,0.048989196818854885,0.6785329999999999,WGD,False,False,False,False
FUBP1,KHSRP,ENSG00000162613,ENSG00000088247,9.127263453059776e-05,0.002289544594414712,0.6397520000000001,WGD,True,False,True,False
KHSRP,FUBP1,ENSG00000088247,ENSG00000162613,0.00020761694522292468,0.0047152969420178725,0.5794659999999999,WGD,True,False,True,False
DIAPH1,DIAPH3,ENSG00000131504,ENSG00000139734,0.009584984473852918,0.0957113778681204,0.44732700000000003,WGD,True,False,True,False
PDS5B,PDS5A,ENSG00000083642,ENSG00000121892,0.0025612484849597697,0.03637791512542176,0.635798,WGD,True,True,False,False
LPAR2,LPAR3,ENSG00000064547,ENSG00000171517,0.006914617384534378,0.07504372576675772,0.452991,WGD,True,False,False,False
PRKAR1A,PRKAR1B,ENSG00000108946,ENSG00000188191,3.108588065450143e-05,0.0008830377331125726,0.8136479999999999,WGD,False,False,False,False
SMAD7,SMAD9,ENSG00000101665,ENSG00000120693,0.0080579755216234,0.08340876159736968,0.262911,SSD,True,False,True,False
SMAD7,SMAD3,ENSG00000101665,ENSG00000166949,2.2608629341223816e-08,1.0988147119668232e-06,0.248826,SSD,True,False,False,False
SMAD7,SMAD6,ENSG00000101665,ENSG00000137834,2.1407163124239552e-06,7.742672197435712e-05,0.497653,WGD,True,False,False,False
MYCN,MYC,ENSG00000134323,ENSG00000136997,1.7017362975503316e-17,2.4060230697865033e-15,0.3642240000000001,WGD,True,False,True,False
ATP2C1,ATP2C2,ENSG00000017260,ENSG00000064270,0.005353749799897969,0.06285972094340067,0.626927,WGD,False,False,False,False
ATP2C1,ATP1A1,ENSG00000017260,ENSG00000163399,0.0019334039323096468,0.028705741916225092,0.279548,SSD,False,False,False,False
CORO6,CORO1C,ENSG00000167549,ENSG00000110880,0.006945368406058438,0.07513908074444671,0.686441,WGD,False,False,False,False
CORO1A,CORO1B,ENSG00000102879,ENSG00000172725,0.006663777958526041,0.07376399053379093,0.6724509999999999,WGD,False,False,False,False
EXTL1,EXT1,ENSG00000158008,ENSG00000182197,0.006536258561378654,0.07292174247522301,0.477811,WGD,True,False,False,False
KCNJ4,KCNJ16,ENSG00000168135,ENSG00000153822,0.0077039153978579735,0.08081965883655051,0.37752800000000003,SSD,False,False,False,False
RAP2A,RAP2B,ENSG00000125249,ENSG00000181467,0.007355899066601973,0.0784923637964509,0.907104,WGD,False,False,False,False
DNM1L,MX2,ENSG00000087470,ENSG00000183486,0.00242631930444049,0.03477910689613891,0.225634,SSD,True,False,False,False
PIK3CA,PIK3CD,ENSG00000121879,ENSG00000171608,1.0712322069700683e-15,1.3066932469727048e-13,0.400749,WGD,True,False,True,False
PIK3CA,PIK3CB,ENSG00000121879,ENSG00000051382,5.357050432951563e-05,0.0014426931057745314,0.401685,WGD,True,False,False,False
CCNL1,CCNL2,ENSG00000163660,ENSG00000221978,4.391189256686623e-06,0.0001453063210949334,0.595057,WGD,False,False,True,False
RRP1,RRP1B,ENSG00000160214,ENSG00000160208,0.007411834186679745,0.07858629093820585,0.4446850000000001,SSD,False,False,True,False
TIGD1,JRK,ENSG00000221944,ENSG00000234616,0.0033188809756602828,0.04488425771648396,0.216582,SSD,False,False,True,False
GDI2,GDI1,ENSG00000057608,ENSG00000203879,0.0043667203630505256,0.05435113635708595,0.8426969999999999,WGD,False,False,False,False
MYH9,MYH10,ENSG00000100345,ENSG00000133026,1.6071117193513741e-31,7.690647696988385e-29,0.7795920000000001,WGD,True,False,True,False
CA7,CA12,ENSG00000168748,ENSG00000074410,0.004024954738848504,0.05130992506224702,0.382576,SSD,False,False,False,False
GPX4,GPX2,ENSG00000167468,ENSG00000176153,7.656158737840148e-23,1.9845401461709817e-20,0.28934,SSD,False,False,True,False
PRKACA,PRKACB,ENSG00000072062,ENSG00000142875,0.0015720051385707866,0.024633360118510996,0.903134,WGD,True,False,False,False
PXN,LPXN,ENSG00000089159,ENSG00000110031,0.0005352096799677785,0.010276356231727006,0.363636,SSD,True,False,False,False
CEPT1,CHPT1,ENSG00000134255,ENSG00000111666,5.951855631880557e-22,1.4240959186895748e-19,0.586538,SSD,False,False,False,False
HIST1H2BK,HIST1H2BJ,ENSG00000197903,ENSG00000124635,0.008765924937598535,0.08894383036320166,0.992064,SSD,False,False,False,False
HIST1H2BK,HIST1H2BC,ENSG00000197903,ENSG00000180596,0.008003727173974956,0.08298531124883034,0.992064,SSD,False,False,False,False
HIST1H2BK,HIST1H2BN,ENSG00000197903,ENSG00000233822,0.006026770651137435,0.06841704419840508,0.984127,SSD,False,False,False,False
HDAC1,HDAC2,ENSG00000116478,ENSG00000196591,6.027200734136813e-09,3.347787122059385e-07,0.8609959999999999,WGD,True,True,True,False
HDAC2,HDAC1,ENSG00000196591,ENSG00000116478,9.281731021693736e-06,0.00028870824342978364,0.85041,WGD,True,True,False,False
PRDX1,PRDX2,ENSG00000117450,ENSG00000167815,3.4963809083993787e-10,2.3642375686035368e-08,0.7738689999999999,WGD,True,False,False,False
GRB2,GRAPL,ENSG00000177885,ENSG00000189152,3.852294001181021e-13,3.4235887116210184e-11,0.33179699999999995,SSD,True,False,False,False
GRB2,GRAP,ENSG00000177885,ENSG00000154016,2.1843812079318613e-11,1.6963721382227216e-09,0.5944699999999999,WGD,True,False,False,False
GRB2,GRAP2,ENSG00000177885,ENSG00000100351,0.0006736907271601973,0.012623584378504778,0.497696,SSD,True,False,False,False
IRF8,IRF6,ENSG00000140968,ENSG00000117595,0.00879296582811906,0.08894478116541246,0.295775,SSD,False,False,False,False
IRF4,IRF6,ENSG00000137265,ENSG00000117595,5.888160210941954e-07,2.3037889730987358e-05,0.288248,SSD,False,False,False,False
TRA2B,TRA2A,ENSG00000136527,ENSG00000164548,2.2308355890314652e-05,0.0006546239716681483,0.697917,WGD,True,False,True,False
VRK1,VRK3,ENSG00000100749,ENSG00000105053,0.007823562319291164,0.0817989599803535,0.300505,WGD,True,False,True,False
CSNK1D,CSNK1E,ENSG00000141551,ENSG00000213923,0.007409736311213328,0.07858629093820585,0.8385540000000001,WGD,False,False,True,False
VRK1,VRK2,ENSG00000100749,ENSG00000028116,5.492444984596175e-08,2.458165485552e-06,0.474747,WGD,True,False,True,False
ZNF217,ZNF516,ENSG00000171940,ENSG00000101493,0.0015954419474543886,0.024875299135623436,0.23855,SSD,True,True,False,False
SLC7A1,SLC7A2,ENSG00000139514,ENSG00000003989,5.159110852432361e-07,2.0706341040633367e-05,0.607313,WGD,False,False,False,False
SIPA1,SIPA1L3,ENSG00000213445,ENSG00000105738,0.006853063724782224,0.07483232496542451,0.422265,WGD,False,False,True,False
NSMCE4A,EID3,ENSG00000107672,ENSG00000255150,0.007680179237292873,0.08081965883655051,0.438961,SSD,True,False,False,False
TRIP6,LPP,ENSG00000087077,ENSG00000145012,0.006859326652486677,0.07483232496542451,0.5378149999999999,WGD,True,False,False,False
TRIP6,WTIP,ENSG00000087077,ENSG00000142279,0.0001924771072009616,0.004484644508978211,0.252101,SSD,True,False,False,False
TRIP6,AJUBA,ENSG00000087077,ENSG00000129474,0.0006637976832566397,0.01247578666930379,0.245798,SSD,True,False,False,False
HSP90AB1,HSP90AA1,ENSG00000096384,ENSG00000080824,3.865014170510733e-05,0.0010734041586940744,0.870166,WGD,True,True,True,False
ARL4D,ARL4A,ENSG00000175906,ENSG00000122644,6.60389986798228e-05,0.001733454053954336,0.6019899999999999,WGD,False,False,True,False
ARL4D,ARL4C,ENSG00000175906,ENSG00000188042,0.00513378527156695,0.061162823483257835,0.5621889999999999,WGD,False,False,False,False
CNN2,CNN1,ENSG00000064666,ENSG00000130176,0.006823301387460999,0.07483232496542451,0.5545450000000001,WGD,False,False,False,False
CNN2,TAGLN2,ENSG00000064666,ENSG00000158710,0.003448009456906763,0.046129175981541884,0.257576,WGD,False,False,False,False
PTPRU,PTPRK,ENSG00000060656,ENSG00000152894,0.00020253134443565902,0.00464925274440677,0.5940529999999999,WGD,False,False,False,False
PTPRU,PTPRM,ENSG00000060656,ENSG00000173482,0.0008289735803861858,0.014819093803397881,0.533195,WGD,False,False,False,False
PTPRU,PTPRF,ENSG00000060656,ENSG00000142949,0.004566127680158175,0.05558880684591783,0.279391,SSD,False,False,False,False
TGIF1,TGIF2,ENSG00000177426,ENSG00000118707,3.2161239085620225e-05,0.0009094321288711064,0.294264,WGD,True,False,False,False
ITGA3,ITGA7,ENSG00000005884,ENSG00000135424,4.376496046346285e-05,0.0012046983143504534,0.383444,WGD,True,False,False,False
ITGA4,ITGA3,ENSG00000115232,ENSG00000005884,0.0015424285951602165,0.024404402073771102,0.229651,SSD,True,False,False,False
ITGA9,ITGA6,ENSG00000144668,ENSG00000091409,0.0003655014688817839,0.007504239729087716,0.251208,WGD,True,False,False,False
ITGA9,ITGAV,ENSG00000144668,ENSG00000138448,0.00421258116653684,0.05315713476070117,0.248309,SSD,True,False,False,False
MBD3,MBD2,ENSG00000071655,ENSG00000134046,8.422658676809704e-08,3.6899549034107862e-06,0.666667,WGD,True,True,True,False
OSBPL7,OSBPL1A,ENSG00000006025,ENSG00000141447,0.0007105162481666799,0.013155123749538441,0.25178100000000003,SSD,False,False,False,False
KLF5,KLF2,ENSG00000102554,ENSG00000127528,0.00138719185368517,0.022590891418260317,0.203501,SSD,False,False,True,False
KLF5,KLF12,ENSG00000102554,ENSG00000118922,0.0017553867409313257,0.026634782720326284,0.229759,SSD,False,False,False,False
STXBP3,STXBP1,ENSG00000116266,ENSG00000136854,4.9635332347231456e-08,2.2538788505994663e-06,0.498311,WGD,False,False,False,False
FGFR3,FGFR1,ENSG00000068078,ENSG00000077782,0.0013637382395818689,0.022267232515587418,0.6014849999999999,WGD,True,False,False,False
FGFR1,FGFR2,ENSG00000077782,ENSG00000066468,0.002867887186787756,0.04009241840226209,0.6764359999999999,WGD,True,False,False,False
FGFR1,FGFR3,ENSG00000077782,ENSG00000068078,0.004544131325926144,0.055538390920602254,0.569754,WGD,True,False,False,False
TNS2,TNS3,ENSG00000111077,ENSG00000136205,0.004883583829215212,0.05865014479063287,0.36716,SSD,False,False,False,False
GAK,DNAJC6,ENSG00000178950,ENSG00000116675,8.130731843547477e-09,4.3604554136817977e-07,0.34019799999999994,SSD,False,False,False,False
RAB5C,RAB17,ENSG00000108774,ENSG00000124839,0.001269123517525043,0.020981168880764702,0.365462,SSD,False,False,False,False
RAB5C,RAB5A,ENSG00000108774,ENSG00000144566,5.582034390411735e-07,2.1978377178956588e-05,0.7550199999999999,WGD,True,False,False,False
RAB7A,RAB23,ENSG00000075785,ENSG00000112210,0.00419619777869922,0.053058021100178564,0.342995,SSD,False,False,False,False
SH3GL1,SH3GL3,ENSG00000141985,ENSG00000140600,0.001791551915890685,0.027051564244553288,0.641304,WGD,True,False,False,False
SLC4A5,SLC4A7,ENSG00000188687,ENSG00000033867,0.005094715811310986,0.06083344925559625,0.451187,WGD,False,False,False,False
SLC4A7,SLC4A4,ENSG00000033867,ENSG00000080493,4.313181075071806e-06,0.00014425967455925648,0.455917,SSD,False,False,False,False
SLC4A7,SLC4A3,ENSG00000033867,ENSG00000114923,0.001640374953537032,0.025259338084044246,0.32565500000000003,SSD,False,False,False,False
SLC4A7,SLC4A8,ENSG00000033867,ENSG00000050438,9.431235669461558e-05,0.0023562938594265197,0.635425,WGD,False,False,False,False
ABCG1,ABCG2,ENSG00000160179,ENSG00000118777,0.0009206693234618425,0.0160884378125172,0.26253699999999996,SSD,False,False,False,False
ACTR3,ACTR3B,ENSG00000115091,ENSG00000133627,5.25022921055911e-07,2.0803615234960654e-05,0.8971290000000001,WGD,True,False,False,False
MYB,MYBL1,ENSG00000118513,ENSG00000185697,1.4025049983316734e-06,5.2878688452250535e-05,0.445466,WGD,False,False,False,False
MYBL2,MYBL1,ENSG00000101057,ENSG00000185697,7.259968492452519e-36,4.516426399154713e-33,0.40428600000000003,WGD,True,False,True,False
KCTD10,KCTD13,ENSG00000110906,ENSG00000174943,5.332862967766997e-05,0.0014424235009773251,0.7124600000000001,WGD,False,False,True,False
HNRNPF,GRSF1,ENSG00000169813,ENSG00000132463,0.0003037312365248661,0.006426911640888408,0.363855,WGD,True,False,False,False
HNRNPF,HNRNPH1,ENSG00000169813,ENSG00000169045,9.772052785903994e-06,0.0003024474645826305,0.773494,SSD,True,True,True,False
SLC16A3,SLC16A1,ENSG00000141526,ENSG00000155380,1.5577618191773037e-07,6.683335363518626e-06,0.432258,SSD,False,False,False,False
SLC16A1,SLC16A3,ENSG00000155380,ENSG00000141526,2.7615418464578804e-16,3.435910365362895e-14,0.402,SSD,False,False,False,False
SLC16A1,SLC16A5,ENSG00000155380,ENSG00000170190,3.731308160234433e-06,0.00012754103332317807,0.264,SSD,False,False,False,False
SLC16A5,SLC16A12,ENSG00000170190,ENSG00000152779,0.0065514402553313094,0.07292174247522301,0.253465,SSD,False,False,False,False
CES4A,CES2,ENSG00000172824,ENSG00000172831,0.0004255068463264853,0.008446555690987442,0.393162,SSD,False,False,False,False
PAX8,PAX9,ENSG00000125618,ENSG00000198807,2.140050271806232e-05,0.0006330754297677421,0.264444,SSD,True,False,False,False
PAX8,PAX3,ENSG00000125618,ENSG00000135903,0.004565986288801957,0.05558880684591783,0.32222199999999995,SSD,True,False,False,False
DHX29,DHX57,ENSG00000067248,ENSG00000163214,0.007932358962441077,0.08252040987516042,0.303871,SSD,False,False,False,False
PFN1,PFN2,ENSG00000108518,ENSG00000070087,3.986363030239202e-08,1.8506839112774682e-06,0.614286,SSD,True,False,True,False
RAB6A,RAB6B,ENSG00000175582,ENSG00000154917,2.611810864467893e-32,1.3540062823212303e-29,0.894231,WGD,False,False,True,False
RAB6A,RAB34,ENSG00000175582,ENSG00000109113,0.0009632020410938227,0.016691030355556184,0.283654,SSD,False,False,False,False
CHCHD3,CHCHD6,ENSG00000106554,ENSG00000159685,4.8068893035632037e-08,2.2150858042567915e-06,0.35682800000000003,WGD,True,True,False,False
GNG5,GNG12,ENSG00000174021,ENSG00000172380,5.176108667857933e-10,3.4255927683770416e-08,0.485294,SSD,True,False,False,False
GNG5,GNG10,ENSG00000174021,ENSG00000242616,0.000248885293344138,0.005380442176880302,0.529412,SSD,True,False,False,False
TMED5,TMED7,ENSG00000117500,ENSG00000134970,0.0045116113289446706,0.055319532587863915,0.292576,SSD,False,False,False,False
NXT1,NXT2,ENSG00000132661,ENSG00000101888,5.238141418137103e-26,1.6293238881115458e-23,0.7428570000000001,SSD,False,False,True,False
RAC1,RHOH,ENSG00000136238,ENSG00000168421,1.9651867935418274e-15,2.3066843476648506e-13,0.364929,SSD,True,False,True,False
DYNLL1,DYNLL2,ENSG00000088986,ENSG00000264364,1.415612508145888e-09,9.078892178531516e-08,0.932584,SSD,True,True,False,False
ITGB1,ITGB3,ENSG00000150093,ENSG00000259207,0.005597378388330561,0.06472358913346547,0.424812,SSD,True,False,False,False
CAP1,CAP2,ENSG00000131236,ENSG00000112186,4.387191657108196e-12,3.68820531065812e-10,0.625263,WGD,True,False,True,False
DUSP4,DUSP1,ENSG00000120875,ENSG00000120129,0.0030347901813301444,0.041676445293719264,0.598985,WGD,False,False,False,False
SSH2,SSH1,ENSG00000141298,ENSG00000084112,0.0010022182211218557,0.017270912890856128,0.322069,WGD,False,False,False,False
SYNGR1,SYNGR2,ENSG00000100321,ENSG00000108639,0.0002611742074214505,0.005622023336916414,0.472103,WGD,False,False,False,False
NFE2L1,NFE2L3,ENSG00000082641,ENSG00000050344,0.008955709856038795,0.0902168042526438,0.339378,WGD,True,False,False,False
CYB5B,CYB5A,ENSG00000103018,ENSG00000166347,1.3924837566070545e-23,3.937564295387494e-21,0.42,WGD,False,False,False,False
CEP85,CEP85L,ENSG00000130695,ENSG00000111860,0.006631360321376862,0.073535993866819,0.338583,WGD,False,False,True,False
DDX39B,DDX39A,ENSG00000198563,ENSG00000123136,1.345753833486251e-08,6.806450892778835e-07,0.8925230000000001,SSD,True,False,True,False
HSPA8,HSPA1A,ENSG00000109971,ENSG00000204389,1.8133672809017164e-11,1.4279693486695668e-09,0.8482970000000001,WGD,True,True,False,False
HSPA8,HSPA1L,ENSG00000109971,ENSG00000204390,0.0006458359591610112,0.012249224091282472,0.8281729999999999,WGD,True,False,False,False
HSPA14,HSPA1L,ENSG00000187522,ENSG00000204390,3.838877681867333e-06,0.00013050086370981794,0.35167000000000004,SSD,False,False,False,False
HSPA14,HSPA2,ENSG00000187522,ENSG00000126803,0.0008682478580155742,0.015344800922485476,0.357564,SSD,True,False,False,False
HSPA8,HSPA5,ENSG00000109971,ENSG00000044574,0.00923529458092727,0.09266575417411056,0.636223,SSD,True,True,False,False
HSPA8,HSPA1B,ENSG00000109971,ENSG00000204388,2.2765572720386776e-06,8.092835879630065e-05,0.8482970000000001,WGD,True,False,False,False
SNAP23,SNAP25,ENSG00000092531,ENSG00000132639,9.15968908725047e-39,8.140346544540736e-36,0.56872,WGD,True,False,False,False
ATP2B1,ATP2B4,ENSG00000070961,ENSG00000058668,2.208746876644277e-11,1.6963721382227216e-09,0.7622950000000001,WGD,False,False,False,False
MTA2,MTA3,ENSG00000149480,ENSG00000057935,1.3979113707617266e-16,1.811751382814313e-14,0.5703590000000001,WGD,True,True,False,False
SMARCA5,SMARCA1,ENSG00000153147,ENSG00000102038,7.755732819165319e-09,4.195514249393692e-07,0.802281,WGD,True,False,False,False
CAB39,CAB39L,ENSG00000135932,ENSG00000102547,5.869126291963255e-09,3.289354474081388e-07,0.8005869999999999,WGD,True,False,True,False
GAB1,GAB2,ENSG00000109458,ENSG00000033327,0.00011067763544038721,0.002732244325693051,0.36326,WGD,True,False,False,False
TCF7L2,TCF7L1,ENSG00000148737,ENSG00000152284,0.00027474562079178897,0.0058937672653300655,0.598007,WGD,True,False,False,False
CDS2,CDS1,ENSG00000101290,ENSG00000163624,9.338283655616016e-09,4.881803581645987e-07,0.723596,WGD,True,False,False,False
TLE3,TLE1,ENSG00000140332,ENSG00000196781,4.95113937761411e-08,2.2538788505994663e-06,0.8018139999999999,WGD,True,False,False,False
CAND1,CAND2,ENSG00000111530,ENSG00000144712,1.1844680154419897e-08,6.039816003331654e-07,0.6243899999999999,WGD,True,False,True,False
ANKRD11,ANKRD12,ENSG00000167522,ENSG00000101745,0.0067272834106381785,0.07405758794430466,0.29816,WGD,True,False,True,False
PTBP1,PTBP2,ENSG00000011304,ENSG00000117569,0.0016826173956780907,0.025718827563914998,0.719928,WGD,True,True,True,False
KEAP1,KLHL5,ENSG00000079999,ENSG00000109790,0.00588835276787077,0.06733721060463982,0.32852600000000004,SSD,True,False,False,False
KLHL12,KLHL18,ENSG00000117153,ENSG00000114648,0.0003887070129184875,0.007890811499837462,0.392606,SSD,True,False,False,False
RAB13,RAB27B,ENSG00000143545,ENSG00000041353,0.006040308191902024,0.06844582379202639,0.394089,SSD,True,False,False,False
RAB10,RAB3A,ENSG00000084733,ENSG00000105649,2.4697400534153507e-05,0.0007146164126649718,0.47,SSD,True,False,True,False
RAB10,RAB8B,ENSG00000084733,ENSG00000166128,1.8626365229692224e-09,1.1587461809391535e-07,0.695,SSD,False,False,False,False
RAB13,RAB12,ENSG00000143545,ENSG00000206418,0.008778574480470314,0.08894383036320166,0.458128,SSD,True,False,False,False
STAG1,STAG2,ENSG00000118007,ENSG00000101972,2.8851422813832115e-14,2.9423721528663865e-12,0.713831,WGD,True,True,True,True
FBXW11,BTRC,ENSG00000072803,ENSG00000166167,4.276664508117745e-17,5.783723892391411e-15,0.8468629999999999,WGD,True,False,True,False
PTK2,PTK2B,ENSG00000169398,ENSG00000120899,8.393755561807376e-20,1.5823501015152628e-17,0.438498,WGD,True,False,True,False
FAM126B,FAM126A,ENSG00000155744,ENSG00000122591,2.6386604943943353e-19,4.4365153880073405e-17,0.5037739999999999,WGD,True,False,False,False
NABP2,NABP1,ENSG00000139579,ENSG00000173559,1.5943066220124844e-09,1.0018365147009763e-07,0.559242,WGD,False,False,False,False
BIRC2,BIRC3,ENSG00000110330,ENSG00000023445,0.003849083902943073,0.04988573116710178,0.710356,SSD,True,False,False,False
UBE2D3,UBE2E2,ENSG00000109332,ENSG00000182247,0.003885162770100922,0.05004057472628952,0.6040270000000001,SSD,True,False,False,False
UBE2D3,UBE2D2,ENSG00000109332,ENSG00000131508,0.005384836573642122,0.06308675767349838,0.926174,WGD,True,False,True,False
YTHDF2,YTHDF3,ENSG00000198492,ENSG00000185728,0.0012365719169040712,0.02056875373010756,0.656304,WGD,False,False,True,False
FLVCR1,SLC49A4,ENSG00000162769,ENSG00000138463,4.041136749590842e-09,2.3942773065909173e-07,0.214414,SSD,False,False,True,False
AZIN1,AZIN2,ENSG00000155096,ENSG00000142920,0.002626266025403267,0.03721640306158023,0.435268,WGD,False,False,False,False
MORF4L1,MORF4L2,ENSG00000185787,ENSG00000123562,2.343920398550537e-05,0.000681379850438453,0.5580109999999999,WGD,True,True,False,False
PDCD6,PEF1,ENSG00000249915,ENSG00000162517,0.0006224501824405253,0.011841781605389932,0.403141,SSD,True,True,True,False
PAK2,PAK1,ENSG00000180370,ENSG00000149269,0.00011371997304919568,0.002796252776043661,0.757634,WGD,True,False,False,False
STX4,STX1B,ENSG00000103496,ENSG00000099365,2.1374367960415773e-08,1.0470074258405235e-06,0.451178,SSD,True,False,False,False
STX4,STX2,ENSG00000103496,ENSG00000111450,5.6979696787143645e-31,2.531933526520148e-28,0.430976,SSD,True,False,False,False
ZNF687,ZNF532,ENSG00000143373,ENSG00000074657,0.0064818300579992105,0.07252421724966382,0.368634,WGD,False,False,False,False
AP1M1,AP1M2,ENSG00000072958,ENSG00000129354,0.004807045944208679,0.05795471476535311,0.7724139999999999,WGD,True,True,False,False
AP1M1,AP2M1,ENSG00000072958,ENSG00000161203,0.007649109602071433,0.08065273022794303,0.393103,SSD,True,False,False,False
TPM4,TPM2,ENSG00000167460,ENSG00000198467,0.005267981148054025,0.0620683915190229,0.8133800000000001,WGD,False,False,False,False
PARVA,PARVB,ENSG00000197702,ENSG00000188677,2.6500466053562616e-06,9.367011324955289e-05,0.601942,WGD,True,False,False,False
RHEB,RHEBL1,ENSG00000106615,ENSG00000167550,0.0008838954032321274,0.015577091511351454,0.516304,WGD,False,False,False,False
PAPSS1,PAPSS2,ENSG00000138801,ENSG00000198682,0.002969540706390123,0.040997092630135935,0.748397,WGD,False,False,True,False
SLC35A1,SLC35A4,ENSG00000164414,ENSG00000176087,0.00042633314370198633,0.008446555690987442,0.225519,SSD,False,False,False,False
SLC35A1,SLC35A3,ENSG00000164414,ENSG00000117620,0.00033121468115703586,0.00689125930260174,0.373887,SSD,True,False,False,False
ENO1,ENO3,ENSG00000074800,ENSG00000108515,5.253418440907897e-06,0.00017110741424548705,0.834101,WGD,False,False,False,False
ENO1,ENO2,ENSG00000074800,ENSG00000111674,2.111692162405029e-08,1.0426061065334674e-06,0.834101,WGD,False,False,False,False
MAN1A2,MAN1A1,ENSG00000198162,ENSG00000111885,0.008749172516982437,0.08893562455579695,0.6271450000000001,WGD,False,False,False,False
TAP1,TAP2,ENSG00000168394,ENSG00000204267,0.008517971746907495,0.08701199053778576,0.32549500000000003,SSD,True,False,False,False
B4GALT3,B4GALT1,ENSG00000158850,ENSG00000086062,0.006737919108901533,0.07405758794430466,0.442748,SSD,False,False,False,False
B4GALT3,B4GALT5,ENSG00000158850,ENSG00000158470,0.0038662110745943203,0.050003532422144,0.32061100000000003,SSD,False,False,True,False
FAM122A,FAM122C,ENSG00000187866,ENSG00000156500,0.0008648689161979798,0.015328631132956216,0.234043,SSD,False,False,False,False
FAM122A,FAM122B,ENSG00000187866,ENSG00000156504,1.6444730375451153e-05,0.0004918397483927001,0.5592710000000001,SSD,False,False,False,False
CDH2,CDH3,ENSG00000170558,ENSG00000062038,0.00046605371424317786,0.009117358982096884,0.410596,WGD,True,False,False,False
CDH1,CDH2,ENSG00000039068,ENSG00000170558,0.00014417437708189469,0.003423316029872011,0.47732399999999997,WGD,True,False,False,False
CDH2,CDH1,ENSG00000170558,ENSG00000039068,0.00022128902779512046,0.0049341901143851044,0.46468000000000004,WGD,True,False,False,False
TUBB4B,TUBB,ENSG00000188229,ENSG00000196230,8.885006567083845e-20,1.6256948780537825e-17,0.973034,WGD,True,False,True,False
TUBB4B,TUBB2A,ENSG00000188229,ENSG00000137267,0.009382540798991751,0.09399160436477892,0.964045,SSD,False,False,True,False
TUBB4B,TUBB2B,ENSG00000188229,ENSG00000137285,0.0009060017317704679,0.015876723305194598,0.9685389999999999,SSD,True,False,True,False
DNAJC19,DNAJC15,ENSG00000205981,ENSG00000120675,1.042261949692127e-37,8.104889486293401e-35,0.551724,WGD,False,False,True,False
RXRA,RXRB,ENSG00000186350,ENSG00000204231,0.004479301869375534,0.05517967708789148,0.7034630000000001,WGD,True,False,True,False
DUSP22,DUSP3,ENSG00000112679,ENSG00000108861,2.1592974903381133e-09,1.3169597732738632e-07,0.234146,SSD,False,False,False,False
SLC25A42,SLC25A43,ENSG00000181035,ENSG00000077713,7.474609609082329e-06,0.00023484619382879376,0.248428,SSD,False,False,False,False
SAMD4B,SAMD4A,ENSG00000179134,ENSG00000020577,5.0469717582699794e-09,2.934318813850237e-07,0.6397689999999999,WGD,False,False,False,False
PCGF3,PCGF5,ENSG00000185619,ENSG00000180628,0.00021404703359504047,0.004807171826695837,0.442149,WGD,False,False,False,False
DOCK6,DOCK9,ENSG00000130158,ENSG00000088387,0.003745918779380357,0.049163208283808435,0.289692,SSD,False,False,False,False
NCKAP1L,NCKAP1,ENSG00000123338,ENSG00000061676,1.4716634339018926e-21,3.390821563816176e-19,0.584738,WGD,True,False,False,False
FAM98B,FAM98C,ENSG00000171262,ENSG00000130244,3.894037961650521e-06,0.00013165657695341241,0.267898,WGD,True,False,False,False
GFPT1,GFPT2,ENSG00000198380,ENSG00000131459,1.6745906750722178e-14,1.7362714316040445e-12,0.7682399999999999,WGD,False,False,False,False
ADSS,ADSSL1,ENSG00000035687,ENSG00000185100,7.73192143299491e-09,4.195514249393692e-07,0.692982,WGD,False,False,True,False
MTMR9,MTMR1,ENSG00000104643,ENSG00000063601,0.002696551613420207,0.03803911017480069,0.340619,SSD,False,False,False,False
TXNRD1,GSR,ENSG00000198431,ENSG00000104687,3.283969245944925e-08,1.5360580961671715e-06,0.263482,SSD,False,False,False,False
STRIP1,STRIP2,ENSG00000143093,ENSG00000128578,3.0425175355611113e-15,3.3799109979867274e-13,0.6893670000000001,WGD,False,False,True,False
FERMT2,FERMT3,ENSG00000073712,ENSG00000149781,4.2789319650093176e-10,2.8622834144433296e-08,0.5094609999999999,WGD,True,False,False,False
FERMT1,FERMT2,ENSG00000101311,ENSG00000073712,3.4679954360013394e-11,2.568380905638611e-09,0.629247,WGD,True,False,False,False
FERMT2,FERMT1,ENSG00000073712,ENSG00000101311,1.6852141895811205e-19,2.9953478495383286e-17,0.6200869999999999,WGD,True,False,False,False
ARID1B,ARID1A,ENSG00000049618,ENSG00000117713,0.0012865489170645714,0.021173600034546818,0.530903,WGD,True,True,True,True
BCL2,BCL2L1,ENSG00000171791,ENSG00000171552,4.135590200513217e-09,2.427123267678559e-07,0.410042,WGD,True,False,True,False
BCL2,BCL2L2,ENSG00000171791,ENSG00000129473,1.64567093560814e-07,7.012136226313861e-06,0.330544,WGD,True,False,False,False
NUDT16L1,NUDT16,ENSG00000168101,ENSG00000198585,0.001893923049414936,0.028322344448101718,0.412322,WGD,False,False,False,False
CDC25B,CDC25A,ENSG00000101224,ENSG00000164045,0.007553147054409765,0.07977610836245018,0.408621,WGD,False,False,False,False
CDC25A,CDC25B,ENSG00000164045,ENSG00000101224,0.00041496625176328737,0.008300659331895211,0.45228999999999997,WGD,False,False,False,False
SLC1A5,SLC1A3,ENSG00000105281,ENSG00000079215,8.999484578016393e-06,0.00028133564602934657,0.406654,SSD,False,False,False,False
UAP1,UAP1L1,ENSG00000117143,ENSG00000197355,2.4790093418357435e-22,6.168766846224065e-20,0.5555559999999999,WGD,False,False,False,False
SLC7A5,SLC7A10,ENSG00000103257,ENSG00000130876,0.0009008754881680256,0.015831487039246576,0.455621,WGD,False,False,False,False
SLC7A5,SLC7A8,ENSG00000103257,ENSG00000092068,0.0001034807050140514,0.002564754844192884,0.5147930000000001,WGD,True,False,False,False
DDX5,DDX17,ENSG00000108654,ENSG00000100201,0.0008560447902502075,0.015215584686132976,0.685668,WGD,True,True,True,False
DDX21,DDX50,ENSG00000165732,ENSG00000107625,0.00021065271972529786,0.004765347525131193,0.5708810000000001,SSD,True,False,True,False
RPP25L,RPP25,ENSG00000164967,ENSG00000178718,6.763542338362584e-93,2.1037998443476814e-89,0.447853,WGD,True,False,False,False
MAGOH,MAGOHB,ENSG00000162385,ENSG00000111196,9.399637237446818e-19,1.4262230061989431e-16,0.986301,SSD,True,False,True,False
DNAJB11,DNAJA1,ENSG00000090520,ENSG00000086061,0.0002490865370425216,0.005380442176880302,0.34916200000000003,SSD,False,False,False,False
DNAJB11,DNAJA2,ENSG00000090520,ENSG00000069345,0.0054211174479126935,0.06329245766973067,0.36592199999999997,SSD,False,False,False,False
DNAJA1,DNAJB11,ENSG00000086061,ENSG00000090520,0.00042505444156436907,0.008446555690987442,0.314861,SSD,False,False,True,False
DNAJB11,DNAJA4,ENSG00000090520,ENSG00000140403,0.001631884599938189,0.025253617154764863,0.351955,SSD,False,False,False,False
HTRA2,HTRA1,ENSG00000115317,ENSG00000166033,0.0012714837916811275,0.020981168880764702,0.40393,WGD,True,False,False,False
CTPS1,CTPS2,ENSG00000171793,ENSG00000047230,2.1472257785081754e-05,0.0006330754297677421,0.741117,WGD,False,False,True,False
PCYT1A,PCYT1B,ENSG00000161217,ENSG00000102230,3.4761340919788106e-20,6.975816189096832e-18,0.683924,WGD,False,False,False,False
IMPDH2,IMPDH1,ENSG00000178035,ENSG00000106348,6.039094300353565e-08,2.67070806834858e-06,0.840467,WGD,False,False,True,False
SNRPB2,SNRPA,ENSG00000125870,ENSG00000077312,9.111902833024296e-05,0.002289544594414712,0.68,WGD,True,True,False,False
MEF2D,MEF2A,ENSG00000116604,ENSG00000068305,0.007900962387461028,0.08234165517889723,0.518234,WGD,True,False,False,False
FURIN,PCSK6,ENSG00000140564,ENSG00000140479,0.004424154675323609,0.05471703028864448,0.463476,SSD,True,False,False,False
HK2,HK1,ENSG00000159399,ENSG00000156515,1.8774223046723087e-07,7.945200107051995e-06,0.719738,WGD,True,False,True,False
CHMP4B,CHMP4C,ENSG00000101421,ENSG00000164695,9.230358077927252e-14,8.700311757997793e-12,0.651786,WGD,True,True,False,False
CHMP4B,CHMP4A,ENSG00000101421,ENSG00000254505,9.808746528820908e-08,4.267147703202439e-06,0.620536,SSD,True,True,True,False
PPP2R2A,PPP2R2D,ENSG00000221914,ENSG00000175470,0.006924143801658726,0.07504372576675772,0.853392,WGD,True,False,True,False
ME2,ME1,ENSG00000082212,ENSG00000065833,0.007948056802247867,0.0825456784086544,0.5291100000000001,WGD,False,False,False,False
PTP4A2,PTP4A1,ENSG00000184007,ENSG00000112245,8.056117463125827e-05,0.0020624323760537354,0.7305389999999999,WGD,False,False,False,False
INTS6,INTS6L,ENSG00000102786,ENSG00000165359,1.1762423448749088e-16,1.556894388822725e-14,0.590755,WGD,True,False,False,False
IGF2BP1,IGF2BP2,ENSG00000159217,ENSG00000073792,0.0007921019389999411,0.014450633907679278,0.6741769999999999,SSD,True,False,False,False
ELMO2,ELMO3,ENSG00000062598,ENSG00000102890,6.998854446181153e-14,6.9110910332845935e-12,0.4972220000000001,WGD,False,False,False,False
ELMO2,ELMO1,ENSG00000062598,ENSG00000155849,7.055145451583137e-09,3.884076093300769e-07,0.716667,SSD,True,False,False,False
SEC23B,SEC23A,ENSG00000101310,ENSG00000100934,8.083113669492061e-14,7.857039084048454e-12,0.8461540000000001,WGD,True,False,True,False
SMARCA2,SMARCA4,ENSG00000080503,ENSG00000127616,2.777320315725264e-20,5.759236561375623e-18,0.7735850000000001,WGD,True,True,False,True
XYLT2,XYLT1,ENSG00000015532,ENSG00000103489,1.2906466194592302e-05,0.00039358395194391516,0.551445,WGD,False,False,False,False
RPL22L1,RPL22,ENSG00000163584,ENSG00000116251,0.0002365227312788659,0.005199321241292667,0.6721309999999999,WGD,True,False,False,False
RRAGC,RRAGD,ENSG00000116954,ENSG00000025039,1.1425352286277507e-15,1.3668676264025454e-13,0.7644110000000001,WGD,False,False,False,False
VPS4B,KATNAL1,ENSG00000119541,ENSG00000102781,0.0019181682144460731,0.028547666177198613,0.34234200000000004,SSD,True,False,False,False
VPS4B,KATNAL2,ENSG00000119541,ENSG00000167216,4.546234982345483e-06,0.00014964088796386908,0.333333,SSD,False,False,False,False
VPS4A,VPS4B,ENSG00000132612,ENSG00000119541,5.515856727868154e-09,3.119467700369799e-07,0.8146450000000001,WGD,False,False,True,False
VPS4B,VPS4A,ENSG00000119541,ENSG00000132612,9.957398692232042e-10,6.45260179837245e-08,0.801802,WGD,False,False,True,False
MBNL1,MBNL2,ENSG00000152601,ENSG00000139793,5.249510661622299e-13,4.5996064543594825e-11,0.6159789999999999,WGD,False,False,False,False
LPCAT3,MBOAT2,ENSG00000111684,ENSG00000143797,0.00032359065438221184,0.006755226378898457,0.217659,SSD,False,False,False,False
SCD,SCD5,ENSG00000099194,ENSG00000145284,0.001589035137937611,0.02483765726912029,0.526462,WGD,False,False,False,False
SFXN1,SFXN3,ENSG00000164466,ENSG00000107819,0.002437983429320592,0.034865965319088275,0.7608699999999999,WGD,False,False,False,False
CYFIP1,CYFIP2,ENSG00000273749,ENSG00000055163,0.00297905409685254,0.04100153879760985,0.8739030000000001,SSD,True,False,False,False
HIST1H1E,HIST1H1B,ENSG00000168298,ENSG00000184357,0.003875244062755487,0.05001637617095827,0.8721460000000001,SSD,False,False,False,False
SNRPA,SNRPB2,ENSG00000077312,ENSG00000125870,1.2396543559125545e-05,0.00037989604670601,0.542553,WGD,True,True,True,False
PBX2,PBX1,ENSG00000204304,ENSG00000185630,0.00020755852215473025,0.0047152969420178725,0.7534879999999999,WGD,False,False,False,False
SLC25A28,SLC25A37,ENSG00000155287,ENSG00000147454,2.7888962611945835e-18,4.130886581164644e-16,0.593407,WGD,False,False,True,False
EFR3A,EFR3B,ENSG00000132294,ENSG00000084710,5.848542558672e-36,4.042642584166502e-33,0.624848,WGD,False,False,False,False
ZFP36L2,ZFP36L1,ENSG00000152518,ENSG00000185650,1.1703720799094113e-11,9.334467575790315e-10,0.384615,WGD,True,False,False,False
ZFP36L1,ZFP36L2,ENSG00000185650,ENSG00000152518,3.1400721528145555e-08,1.47987794414086e-06,0.56213,WGD,True,False,True,False
TIMM17A,TIMM17B,ENSG00000134375,ENSG00000126768,8.710035819081124e-21,1.9351833153751308e-18,0.7543859999999999,SSD,True,True,True,False
RARS2,RARS,ENSG00000146282,ENSG00000113643,0.00022609931337601319,0.004987814994724037,0.276817,SSD,True,False,True,False
CDK8,CDK19,ENSG00000132964,ENSG00000155111,0.005197241817889022,0.06146775921879773,0.8362069999999999,WGD,True,True,False,False
SAXO1,SAXO2,ENSG00000155875,ENSG00000188659,0.003775821244086321,0.049451334651496835,0.26371300000000003,WGD,False,False,False,False
RRAGA,RRAGB,ENSG00000155876,ENSG00000083750,1.8421006286535697e-13,1.6608272479498347e-11,0.980831,SSD,False,False,False,False
SLC20A1,SLC20A2,ENSG00000144136,ENSG00000168575,2.7369395778436803e-06,9.619492154669794e-05,0.589102,SSD,False,False,False,False
VPS26A,VPS26B,ENSG00000122958,ENSG00000151502,1.717794405592964e-06,6.399041315684927e-05,0.697248,SSD,True,False,True,False
NCKAP1,NCKAP1L,ENSG00000061676,ENSG00000123338,3.0560108056199296e-17,4.224765160391463e-15,0.581129,WGD,True,False,False,False
TIAL1,TIA1,ENSG00000151923,ENSG00000116001,5.032543738109133e-05,0.0013731339734551278,0.7423470000000001,WGD,False,False,False,False
BTF3,BTF3L4,ENSG00000145741,ENSG00000134717,0.0023574883067132013,0.0340276908493337,0.601942,WGD,False,False,True,False
ZBTB17,ZBTB48,ENSG00000116809,ENSG00000204859,0.00695709861900037,0.07513908074444671,0.217284,SSD,False,False,False,False
ATP6V1C1,ATP6V1C2,ENSG00000155097,ENSG00000143882,9.571653140049563e-10,6.267921493078773e-08,0.6099479999999999,WGD,False,False,False,False
ZNF574,ZNF526,ENSG00000105732,ENSG00000167625,0.006552524360014413,0.07292174247522301,0.26166300000000003,SSD,False,False,True,False
COX6B1,COX6B2,ENSG00000126267,ENSG00000160471,0.0002923840120225018,0.006207921292805404,0.5,WGD,False,False,False,False
SPTSSA,SPTSSB,ENSG00000165389,ENSG00000196542,1.1707745948457352e-08,6.019329549202741e-07,0.408451,SSD,True,False,False,False
H2AFZ,H2AFV,ENSG00000164032,ENSG00000105968,4.013339069154371e-06,0.00013495666134707757,0.976562,WGD,True,False,True,False
PTDSS1,PTDSS2,ENSG00000156471,ENSG00000174915,2.9404794957660255e-05,0.0008391157313376352,0.283298,SSD,False,False,False,False
ATL2,ATL3,ENSG00000119787,ENSG00000184743,7.700586772675086e-13,6.653520876779406e-11,0.584906,WGD,True,False,True,False
CCND1,CCND3,ENSG00000110092,ENSG00000112576,4.2228589374464226e-19,6.736001397398511e-17,0.501695,WGD,True,True,True,False
CCND2,CCND3,ENSG00000118971,ENSG00000112576,0.00425227448344525,0.05333531821351402,0.6228370000000001,WGD,True,False,False,False
CCND1,CCND2,ENSG00000110092,ENSG00000118971,0.0005300326003186625,0.010240163995597512,0.6067800000000001,WGD,True,False,False,False
CCND2,CCND1,ENSG00000118971,ENSG00000110092,2.8861822088164826e-19,4.7249840844861415e-17,0.6193770000000001,WGD,True,False,True,False
CCND3,CCND1,ENSG00000112576,ENSG00000110092,1.3132937364896954e-27,4.805882549824938e-25,0.506849,WGD,True,True,True,False
CFL1,DSTN,ENSG00000172757,ENSG00000125868,4.7804703506122923e-23,1.2930133065721332e-20,0.686747,WGD,True,False,True,False
CFL1,CFL2,ENSG00000172757,ENSG00000165410,7.504186831024777e-12,6.142571878395412e-10,0.771084,WGD,True,False,False,False
PMM2,PMM1,ENSG00000140650,ENSG00000100417,3.719708919287396e-05,0.0010423562696795898,0.666667,WGD,False,False,False,False
EAF1,EAF2,ENSG00000144597,ENSG00000145088,2.334239026787229e-20,5.007345167463223e-18,0.5298510000000001,WGD,True,False,False,False
EIF1,EIF1B,ENSG00000173812,ENSG00000114784,0.0031686312282400075,0.043228190506318175,0.893805,WGD,False,False,True,False
GABPB1,GABPB2,ENSG00000104064,ENSG00000143458,7.84593299111735e-05,0.0020169235180884718,0.681013,WGD,True,False,False,False
ASF1B,ASF1A,ENSG00000105011,ENSG00000111875,0.0020224283978291127,0.029743562796441875,0.7128709999999999,SSD,True,True,True,False
DDX28,DDX47,ENSG00000182810,ENSG00000213782,0.00601360572116221,0.06839239705914096,0.244444,SSD,True,False,False,False
DMXL1,DMXL2,ENSG00000172869,ENSG00000104093,5.494936911827338e-15,5.893793539392737e-13,0.552822,WGD,False,False,False,False
NDE1,NDEL1,ENSG00000072864,ENSG00000166579,1.51964833366913e-06,5.695019448045576e-05,0.5582090000000001,WGD,False,False,True,False
NMT1,NMT2,ENSG00000136448,ENSG00000152465,1.111121290694822e-30,4.608190366274992e-28,0.7419359999999999,WGD,False,False,True,False
CRK,CRKL,ENSG00000167193,ENSG00000099942,9.757462137202016e-05,0.0024280468782213486,0.592105,WGD,True,True,True,False
SMARCA4,SMARCA2,ENSG00000127616,ENSG00000080503,5.59128140916244e-14,5.610219620387021e-12,0.746812,WGD,True,True,True,False
MTCH2,MTCH1,ENSG00000109919,ENSG00000137409,2.4998194697491817e-08,1.196259763177666e-06,0.478548,WGD,False,False,False,False
CHMP1A,CHMP1B,ENSG00000131165,ENSG00000255112,0.0033691051019228693,0.04546464824091577,0.55102,SSD,True,True,True,False
AGPAT1,AGPAT2,ENSG00000204310,ENSG00000169692,1.1546166219819018e-26,3.780457897552321e-24,0.452297,WGD,True,False,True,False
VAPA,VAPB,ENSG00000101558,ENSG00000124164,5.450276166854443e-08,2.4569686981160504e-06,0.506803,WGD,True,False,True,False
DYNC1LI2,DYNC1LI1,ENSG00000135720,ENSG00000144635,2.0888557201503394e-06,7.599281540967991e-05,0.652439,WGD,True,False,True,False
RMND5A,RMND5B,ENSG00000153561,ENSG00000145916,0.0033795996646388852,0.04550755305999677,0.703325,WGD,True,False,False,False
ARHGEF7,ARHGEF6,ENSG00000102606,ENSG00000129675,6.618214411105246e-24,1.9605672310231302e-21,0.50934,WGD,True,False,False,False
